"date","AL","AK","AZ","AR","CA","CO","CT","DE","DC","FL","GA","HI","ID","IL","IN","IA","KS","KY","LA","ME","MD","MA","MI","MN","MS","MO","MT","NE","NV","NH","NJ","NM","NY","NC","ND","OH","OK","OR","PA","RI","SC","SD","TN","TX","UT","VT","VA","WA","WV","WI","WY"
"2008-01-01",135.87,136.47,91.71,102.38,88.45,71.92,163.86,142.76,90.88,122.24,112.26,190.92,97.34,85.76,100.92,95.01,77,105.34,111.42,101,163.51,120.79,80.19,93.48,122.47,87.88,99.95,86.43,112.7,111.57,104.74,68.59,108.85,120.52,105.62,101.53,91.18,122.62,112.29,100.14,127.63,99.87,118.74,137.02,70.78,100.5,121.76,114.55,105.92,94.36,93.61
"2008-02-01",118.56,124.98,81.95,99.86,76.14,63.21,131.18,136.71,80.41,104.14,96.39,177.8,83.73,79.71,96.02,84.09,68.14,101.08,105.55,85.83,155.84,108.67,68.92,85.25,113.45,84.29,88.29,81.32,90.83,96.72,93.45,60.17,102.35,106.54,108.32,93.81,85.32,103.6,103.73,87.39,107.2,97.46,119.5,115.04,53.68,87.88,106.92,109.36,92.73,86.19,87.5
"2008-03-01",100.51,114.01,73.75,91.12,67.78,60.22,146.11,124.07,74.28,101.43,86.94,189.29,77,72.54,84.68,83.35,64.49,89.86,94.03,90.72,137.86,108.47,69.87,79.82,100.09,78.72,80.07,75.18,82.76,96.68,86.39,52.68,97.17,90.48,95.02,91.21,77.82,97.17,100.12,99.34,94.24,87.6,105.21,106.88,55.58,90.25,94.72,96.94,84.84,80.76,80.09
"2008-04-01",89.27,109.78,73.54,78.65,64.17,58.41,125.65,108.44,61.93,103.97,79.06,182.56,68.58,65.48,73.65,72.76,57.47,71.81,91.75,78.54,109.41,88.01,57.71,68.67,91.71,64.7,72.21,65.23,75.03,85.5,73.22,47.97,90.13,81.08,76.08,70.47,68.94,87.63,81.7,76.25,85.54,78.21,92.44,105.98,52.53,74.58,81.48,85.74,66.05,71.32,73.02
"2008-05-01",103.92,100.54,100.92,79.13,67.68,60.05,101.91,96.11,54.92,117.94,90.98,198.92,60.55,65.89,68.53,68.85,64.35,67.46,107.02,72.26,104.65,88.72,53.11,66.24,102.82,67.85,70.54,61.49,94.44,80.59,77.52,52.59,89.01,82.2,65.25,69.22,82.39,74.5,76.28,107.94,97.36,71.28,83.61,129.06,50.98,73.69,82.41,71.19,59.92,69.81,64.02
"2008-06-01",161.02,88.94,144.48,115.77,81.13,68.2,140.6,126.2,107,153.83,148.96,208.14,66.66,94.28,91.82,81.2,101.1,97.51,155.8,71.43,149.48,100.61,73.57,72.72,147.7,104.26,65.25,82.75,136.13,92.11,140.47,72.18,115.17,116.05,62.82,96.07,130.7,69.45,101.39,92.46,143.63,70.76,112.93,191.02,66.5,78.4,121.34,67.21,68.41,77.06,61.92
"2008-07-01",186.17,96.87,185.87,138.61,102.49,91.84,185.72,171.69,162.09,161.79,168.63,233.36,80.48,113.28,112.24,106.62,131.22,113.62,188.83,92.01,184.4,134.37,97.27,98.41,181.67,125.5,74.75,106.44,204.38,111.26,191.22,83.08,145.3,139.52,74.16,116.13,166.35,77.9,121.17,146.54,157.68,86.58,135.95,218.7,103.22,89.17,152.92,67.87,80.01,93.39,70.5
"2008-08-01",178.88,94.02,183.95,144.17,100.54,88.07,150.61,169.59,138.06,167.78,166.24,235.93,76.04,101.96,108.12,106.14,119.49,111.68,203.01,86.76,168.08,122.99,88.23,88.34,185.34,120.74,78.26,108.8,178.7,104.81,158.21,85.94,150.87,135.06,78.05,111,157.39,73.7,105.82,121.63,158.08,89.42,140.56,219.03,91.55,84.28,142.7,64.83,77.89,91.66,69.65
"2008-09-01",152.84,93.72,152.5,117.27,98.05,72.05,142.62,144.35,98.27,168.28,132.55,228.59,57.51,78.4,87.94,74.38,75.15,90.76,161.24,77.81,139.85,107.26,67.21,69.5,153.27,83.37,66.53,78.75,133.43,90.61,123.75,66.85,120.79,114.2,69.1,84.84,111.14,66.54,90.3,94.97,129.5,74.47,125.18,171.4,61.28,75.92,112.94,61.55,66.93,74.52,55.96
"2008-10-01",115.76,102.77,107.77,86.35,75.23,61.22,119.05,109.18,77.51,137.23,93.35,222.09,65.31,74.17,79.81,67.12,58.89,79.15,124.09,78.28,119.84,96.09,59.31,66.05,116.47,65.91,63.03,62.5,91.7,89.16,89.36,55.47,92.15,88.32,70.18,73.44,80.48,72.71,79.83,81.54,96.86,69.16,109.09,128.93,55.87,77.25,90.74,65.61,64.63,69.42,64.57
"2008-11-01",107.3,118.23,72.34,77.19,68.99,59.27,138.07,105.02,74.39,108.25,85.84,198.52,77.72,85.67,88.35,69.28,59.27,87.45,96.03,82.65,129.86,102.63,61.21,74.3,98.43,72.83,71.43,65.8,69.22,95.14,90.74,51.97,87.16,86.84,87.52,83.27,70.84,81.36,89.57,111.7,98.25,79.11,105.81,108.9,53.75,79.75,103.6,75.99,84.32,78.3,67.35
"2008-12-01",135.43,131.92,82.12,101.53,81.29,70.87,168.07,140.44,107.7,119.4,105.94,181.09,101.23,98.41,111.12,98.47,79.11,120,105.54,98.81,161.57,124.1,82.29,91.89,121.54,96.86,93,90.82,94.13,105.69,108.02,61.39,102.8,118.52,112.06,107.03,93.92,118.85,110.86,113.98,124.24,99.09,143.04,134.55,68.5,97.21,141.32,102.29,110.01,93.71,94.74
"2009-01-01",148.68,161.2,90.27,114.54,92.55,70.18,181.12,156.79,122.36,132.62,121.52,162.59,104.23,101.09,124.12,107.92,86.25,128.29,112.36,110.34,199.72,137.38,85.07,99.45,129.12,101.97,107.07,98.15,109.5,124.73,126.53,68.6,116.13,131.69,118.35,119.2,96.97,113.36,127.41,116.79,138.44,111.45,150.76,147.12,69.12,108.26,159.22,119.98,129.91,106.77,99.63
"2009-02-01",133.27,127.04,74.42,105.18,75.4,60.84,166.44,147.76,97,132.14,108.62,124.23,89.28,80.49,103.94,82.98,75.08,111.14,102.34,86.35,169.62,120.6,69.66,85.43,123.58,85.04,85.9,85.12,81.27,121.25,100.3,59.69,100.36,121.99,106.46,94.11,82.08,101.48,107.83,94.71,127.33,100.15,146.61,120.95,55.75,90.72,133.47,108.03,108.47,84.12,88.47
"2009-03-01",112.37,123.28,75.66,92.06,75.28,59.11,153.21,133.75,87.9,112.46,94.88,127.92,87.34,81.22,91.79,84.35,71.96,93.67,88.59,83.7,155.2,105.8,70.59,83.74,106.22,81.18,83.29,82.18,86.46,103.42,101.22,57.78,94.04,109.01,99.4,90.82,76.2,99.19,99.98,83.95,114.01,92.22,120.96,114.44,56.27,92.04,125.37,102.33,94.96,84.29,82.57
"2009-04-01",96.58,106.72,74.48,74.7,68.14,57.67,131.71,113.68,70.04,110.43,81.24,127.16,69.7,72.28,77.97,75.51,67.61,80.29,77.01,72.99,124.56,96.59,59.83,71,91.21,70.46,73.23,69.4,79.38,99.23,88.06,48.64,83.78,87.55,82.45,77.02,69.68,81.91,86.82,75.68,89.51,83.35,94.74,105.17,52.84,77.02,94.68,86.87,73.33,72.88,77.27
"2009-05-01",112.07,99.13,123.44,74.98,74.36,57.93,123.78,100.42,71.52,127.19,94.31,133.99,64.45,69.73,78.76,68.46,72.05,75.86,91.77,68.34,117.07,87.73,59.9,67.16,105.81,74.74,64.05,68.07,115.31,86.48,89.72,53.75,84.76,88.82,74.13,76.32,76.15,73.35,81,75.22,103.87,73.51,91.38,128.96,53.9,75.17,101.14,72.81,66.77,69.51,66.14
"2009-06-01",153.47,93.47,138.2,97.8,80.55,62.25,128.7,117.26,98.16,152.69,137.63,140.67,67.46,91.35,95.3,84.25,112,97.14,106.23,67.56,148.8,91.94,73.71,75.05,135.38,111.83,63.4,87.79,134.94,84.6,110.94,64.98,93.39,114.03,70.62,95.38,111.28,68.54,90.19,80.03,136.77,74.5,113,170.85,61.05,74.73,130.66,65.99,71.11,80.41,59.92
"2009-07-01",183.8,97.29,192.21,137.5,103.64,82.29,151.98,143.94,129.81,179.88,171.32,146.99,89.59,89.5,100.48,108.32,120.35,108.26,147.78,80.68,179.36,100.55,82.6,84.98,176.02,123.53,69.02,113.43,201.51,96.5,146.03,84.07,116.1,146.16,74.05,104.84,139.11,83.66,102.87,87.84,167.25,84.65,137.41,212.62,100.3,84.57,142.54,66.94,78.98,84.13,69.94
"2009-08-01",168.4,91.72,193.47,128.86,110.14,83.45,171.82,162.03,150.1,173.48,158.86,169.02,80.77,95.42,109.04,100.21,120.17,110.94,133.86,86.8,197.18,123.13,90.71,86.43,159.84,121.47,68.57,103.01,202.03,114.64,172.23,87.8,130.17,137.62,74.9,114.01,127.76,77.64,115.91,116.77,156.7,84.99,132.8,199.12,92.71,88.78,151.95,65.86,85.36,87.07,62.94
"2009-09-01",138.61,93.7,160,106,108.65,75.37,146.63,143.9,102.06,166.35,126.14,161,67.71,77.99,87.62,77.23,84.94,89.52,119.66,74.31,142.79,100.86,77.75,71.39,141.64,86.03,64.79,82.83,157.99,104.4,110.15,65.28,113.03,116.2,72.97,85.05,101.67,68.6,85.84,79.62,125.96,76.05,119.36,158.51,72.83,76.96,113.85,62.02,69.3,72.35,63.4
"2009-10-01",103.69,102.84,105.35,82.04,80.2,66.7,129.34,102.85,71.73,150.97,94.2,173.99,74.27,69.73,77.78,71.33,67.81,76.04,101.81,78.84,123.34,86.73,69.85,71.69,116.65,69.2,68.4,68.23,94.06,91.85,85.35,55.43,95.07,92.77,77.8,78.17,80.65,74.96,82.66,79.66,102.11,75.17,92.87,117.8,55.94,82.33,93.83,66.19,74.87,72.69,69.07
"2009-11-01",96.36,116.14,72.83,71.86,66.44,67.26,124.34,100.41,72.76,123.8,79.21,162.14,88.89,70.56,78.89,74.71,67.93,73.8,70.04,76.27,118.11,86.23,71.38,74.89,91.8,66.11,74.7,72.81,75.29,92.88,82.94,53.43,86.64,83.96,84.35,79.71,63.45,90.76,85.3,76.08,94.83,82.63,83.71,91.83,50.77,75.95,99.26,79.4,85.35,78.33,79.4
"2009-12-01",129.78,133.62,86.4,94.95,88.93,81.1,158.21,126.01,103.03,122.46,107.6,161.14,127.34,85.13,105.7,99.74,89.94,110.22,86.58,92.2,169.17,97.21,85.4,94.53,110.46,96.4,95.88,94.85,110.14,106.42,109.79,72.06,107.22,117.77,110.52,109.11,92.4,125.22,111.22,94.83,124.79,103.9,110.43,125.29,72.42,103.59,142.78,108.21,119.33,94.72,94.71
"2010-01-01",173.4,131.54,91.57,132.52,91.98,83.06,177.76,162.85,126.78,128.31,142.12,169.94,107.49,94.63,120.18,109.49,107.8,129.03,131.9,98.38,196.02,113.33,88.23,101.45,147.85,109.53,103.92,105.76,103.07,121.6,124.78,75.39,116.49,160.43,116.78,125.41,107.56,106.47,129.22,98.35,173.05,117.39,149.2,157.3,71.65,108.08,173.2,113.81,148.11,105.98,108.1
"2010-02-01",143.92,111.95,76.03,114.44,76.6,71.21,149.5,142.4,106.67,126.89,120.19,145.85,86.53,83.84,102.06,84.78,83.58,122.36,116.84,79.41,173.69,102.29,73.46,84.25,127.94,93.5,84.21,88.81,86.78,103.37,102.68,63.3,107.11,135.54,105.82,107.01,92.47,88.24,121.46,90.29,144,102.79,132.06,128.03,60.39,90.06,151.54,94.12,130.02,86.16,86.96
"2010-03-01",128.78,113.17,77.1,100.84,80.14,73.04,137.8,138.75,84.57,120.91,109.35,165.1,84.3,75.99,89.2,84.55,79.76,88.79,115.58,81.92,146.45,94.42,75.47,81.53,118.04,82.9,78.77,90.19,83.28,95.37,94.46,60.74,98.78,122.83,93.11,93.25,86.28,94.22,106.42,90.44,113.45,95.34,119.45,115.87,56.9,91.89,116.44,91.85,110.71,83.34,83.02
"2010-04-01",100.06,98.89,72.97,77.24,67.83,67.27,120.74,105.91,66.98,98.11,84.95,157.26,73.58,65.01,70.64,77.43,63.62,74.74,84.31,70.68,117.24,80.78,66.11,68.32,96.14,66.14,69.78,69.16,77.4,91,82.95,54.51,91.11,87.75,76.04,73.68,75.05,83.2,86.87,78.91,92.08,81.98,93.42,98.9,53.37,76.39,84.11,81.88,73.12,72.78,73.07
"2010-05-01",119.26,94.06,103.66,77.58,67.88,67.55,113.7,100.46,83.12,120.1,99.27,169.07,68.21,74.28,82.58,81.34,74.47,80.26,96.26,70.03,123.69,78.79,76.89,72.07,103.58,80.69,67.84,71,87.62,84.53,96.87,54.32,94.27,90.93,70.29,82.62,89.21,74.86,92.4,77.63,106.26,78.22,89.24,117.41,54.83,80.13,99.99,74.87,71.86,80.02,67.83
"2010-06-01",167.38,85.83,154.8,118.18,80.79,85.71,139.17,129.39,130.48,159.22,153.28,167.55,67.03,108.52,105.19,99.26,124.36,112.91,139.06,69.44,172.02,93.56,90.8,84.93,146.48,132.05,63.79,101.1,137.27,88.59,146.31,78.24,117.7,130.23,76.11,115.51,136.28,71.89,116.6,102.72,155.63,83.56,129.54,168.56,67.87,80.86,145.53,70.45,89.22,88.43,63.35
"2010-07-01",193.02,91.66,205.41,139.84,93.74,101.06,180.48,192.57,180.69,175.84,185.01,177.86,85.23,143.61,135.01,129.91,152.01,141.01,165.23,92.49,214.99,120.78,121.54,108.48,178.58,167.04,71.87,129.5,200.66,118.71,200.49,94.44,163.54,165.09,89.52,142.01,158.7,80.36,141.79,128.76,185.05,102.6,168.85,186.22,107.17,99.12,166.94,70.25,111.97,115.42,71.74
"2010-08-01",204.22,93.16,187.98,148.89,98.84,97.42,173.63,182.83,153.78,179.56,187.37,180.19,80.22,134.63,132.92,132.85,158.27,141.93,173.62,89.31,194.94,117.28,123.21,111.24,183.58,164.83,77.25,139.14,191.8,120.82,176.15,94.21,155.21,159.72,93.37,139.61,174.2,78.01,133.6,125.41,180.25,107.35,172.86,201.8,100.33,94.39,154.17,71.16,113.21,115.47,69.7
"2010-09-01",166.02,83.32,162.01,125.29,94.18,83.86,146.36,155.62,107.3,165.25,149.29,167.18,64.38,87.69,95.52,83.91,103.61,105.26,161.34,77.22,153.06,100.37,74.61,75.41,163.17,102.29,67.41,96.3,133.25,108.72,135.78,74.01,123.4,134.85,78.86,98.42,127.67,69.19,103.03,97.4,147.12,85.44,146.59,168.2,68.41,82.23,118.64,65.32,85.67,77.82,65.47
"2010-10-01",114.21,97.3,104.85,85.42,79.32,66.26,117.44,109.81,79.55,129.88,94.08,175.15,65.27,71.34,80.66,72.85,67.93,79.97,122.22,77.16,109.1,81.69,64.94,69.27,114.34,73.72,64.37,64.57,91.46,93.08,90.18,60.32,98.41,94.07,74.92,78.73,84.4,73.03,87.44,81,104.07,73.42,109.22,117.54,55.9,83.65,89.89,66.52,76.81,76.31,63.89
"2010-11-01",104.38,112.74,72.65,71.15,73.92,67.09,123.27,100.98,70.63,107.57,80.18,171.48,86.2,73.3,87.79,78.19,69.78,82.53,84.09,78.97,112.03,80.64,71.82,77.4,92.47,74.26,77.3,71.87,70.64,91.85,88.9,54.26,94.6,84.53,94.68,86.62,72.25,89.14,94.53,83.9,98.78,82.84,95.38,90.12,54.67,82.74,95.16,81.4,98.82,81.27,77.4
"2010-12-01",156.98,138.32,85.62,95.55,88.73,75.02,152.15,136.93,117.21,127.95,122.75,179.62,109,91.77,119.72,107.71,98.51,134.31,97.36,96.98,169.7,103.92,90.7,99.89,119.9,108.87,101.82,100.2,92.47,107.66,114.2,68.5,112.17,136.32,124.29,120.66,98.26,117.54,124.79,98.91,151,110.09,136.91,116.94,69.68,107.1,156.76,111.32,150.96,103.97,98.8
"2011-01-01",168.99,143.58,93.91,114.31,94.62,82.13,169.36,169.15,136.36,140.91,148.94,194.44,112.43,95.16,127.38,108.33,106.89,143.33,119.34,98.84,185.89,108.48,97.91,105.03,152.53,117.59,112.48,105.71,98.44,122.36,133.25,74.22,116.61,159.59,121.97,124.75,110.55,124.97,145.42,107.39,173.8,119.64,175.75,135.61,73.43,112.95,166.79,118.97,162.16,105.57,107.14
"2011-02-01",138.07,119.47,82.33,105.71,75.69,72.66,134.37,146.11,102.14,110.42,114.58,165.65,94.75,87.21,105.96,91.57,93.82,113.27,115.3,83.89,149.15,98.68,84.45,89.96,137.07,100.66,97.44,95.08,78.04,115.21,105.39,68.11,107.47,116.55,111.23,101.36,100.99,105.56,126.81,94.09,132.31,107.92,147.07,129.62,60.57,99.31,123.64,107.07,120.09,90.99,95.55
"2011-03-01",107.95,125.2,74.98,81.65,78.49,70,131.06,125.2,88.23,97.22,99.32,190.85,89.78,81.7,97.12,90.17,82.1,98.19,90.3,84.43,135.05,91.3,85.81,90.63,103.78,88.5,97.09,92.99,81.7,104.84,99.98,58.48,101.61,97.81,110.94,95.21,82.87,106.77,115.65,93.43,102.96,103.4,112.67,100.05,57.71,98.46,110.08,109.16,108.74,88.83,90.89
"2011-04-01",103.43,107.83,83.83,78.27,69.2,66.05,121.34,113.33,79.5,108.86,92.03,187.11,74.03,70.33,76.5,77.59,69.79,82.46,87.05,72.76,110.43,80.89,72.82,76.82,98.54,73.81,79.09,70.76,72.72,98.08,85.6,51.07,92.8,87.43,90,78.83,79.92,91.82,97.97,72.93,98.29,89.54,102.91,101.21,55.81,84.78,93.93,91.16,84.69,81.68,77.64
"2011-05-01",125.06,98.21,105.26,80.03,69.23,64.97,112.42,98.42,77.81,125.94,111.4,206.7,68.75,75.57,87.3,77.29,82.46,86.47,102.77,70.5,109.11,76.52,74.28,76.33,108.79,87.49,74.53,77.25,84.07,84.7,95.26,55.99,93.22,91.01,81.81,87.07,93.34,83.18,92.47,63.75,113.5,81.8,98.3,119.81,53.68,83.76,99.13,81.41,79.2,78.32,71.53
"2011-06-01",174.52,92.32,151.55,119.78,76.1,81.14,129.07,135.07,124.36,154.46,171.4,205.14,68.35,96.36,105.85,96.18,134.4,112.52,148.85,79.36,146.35,90.83,95.64,86.16,151.56,128.42,68.28,98.06,110.07,94.16,124.79,79.21,112.9,136.14,82.06,109.22,153.48,75.71,109.86,82.81,156.89,85.78,136.66,172.88,66.2,84.42,141.93,73.36,90.56,89.31,67.63
"2011-07-01",192.4,101.69,199.08,156.42,99.06,106.29,159.81,167.02,154.49,163.48,197.01,217.18,84.79,138,144.93,136.91,178.61,141.34,173.35,83.74,183.85,111.03,130.81,117.26,174.52,180.62,80.71,136.78,178.15,109.07,181.93,104.59,148.24,157.54,98.16,151.46,189.89,78.51,139.52,111.12,183.53,106.23,168.94,200.31,99.89,99.83,168.66,70.76,112.86,123.82,72.54
"2011-08-01",200.22,100.04,203.85,162.77,103.3,108.23,164.42,175.74,137.49,171.79,201.28,224.47,84.17,117.42,127.52,117.46,164.51,138.86,172.72,84.22,165.37,111.28,120.85,105.62,175.93,170.66,82.81,135.37,172.5,114.74,162.2,106.74,148.9,155.57,97.75,137.43,187.35,84.39,136.79,103.02,182.33,107.08,178.53,213.76,99.57,96.71,160.65,71.91,120.64,106.84,75.58
"2011-09-01",148.64,99.44,161.92,127.7,100.03,87.77,128.54,143.76,86.97,161.38,150.22,215.51,58.05,92.61,94.35,83.02,102.14,103.96,158.13,71.81,128.2,97.85,74.46,80.91,153.33,102.15,73.19,95.39,136.26,103.54,125.43,78.94,123.95,122.73,85.94,96.76,124.17,78.09,111.69,87.56,148.01,88.46,144.55,173.99,76.9,84.52,121.09,66.7,85.46,80.49,67.2
"2011-10-01",110.23,107.36,102.91,81.3,77.03,68.85,113.26,102.89,68.44,125.05,93.69,214.91,63.07,73.97,83.25,71.24,71.69,80.52,111.56,70.47,103.38,74.98,70.95,72.23,106.82,73.5,69.2,69.94,81.86,90.14,86.85,68.48,100.53,89.91,80.57,78.75,87.43,77.72,94.22,64.09,99.35,77.53,97.21,119.53,66.87,82.24,92.06,67.9,80.75,77.2,68.97
"2011-11-01",107.38,129.91,71.5,75.07,74.75,70.7,112.02,100.7,62.33,98.34,86.22,202.24,87.69,76.84,85.77,77.76,74.17,84.75,79.27,73.37,100.26,75.91,77.76,76.74,95.07,77.51,80.13,74.38,65.67,90.17,80.1,56.54,92.87,92.14,98.22,87.64,79.18,100.38,95.79,69.86,102.74,87.26,98.87,94.12,58.81,84.46,103.15,88.33,99.78,85.2,87.47
"2011-12-01",131.63,148.31,93.88,91.83,86.41,82.54,133.15,116.58,85.92,103.21,107.53,208.21,104.14,84.35,106.59,99.79,94.97,112.01,91,87.74,129,97.79,101.51,92,112.62,99.67,104.53,99.36,89.23,100.44,99.36,80.47,99.96,110.68,122.73,109.94,97.69,126.98,117.79,88.02,126.16,106.9,125.44,115.52,77.89,106.97,129.16,114.37,125.62,100.33,105.24
"2012-01-01",137.38,155.22,91.05,105.19,94,80.6,146.21,139.48,93.83,115.18,121.49,217.17,110.01,91.43,119.94,100.65,99.03,122.77,103.06,92.18,149.17,107.01,105.74,100.37,126.65,105.23,105.6,101.03,95.37,116.87,115.71,77.33,105.78,132.02,114.59,121.05,99.91,125,132.57,92.29,143.14,112.97,137.71,120.92,76.89,114.03,144.94,120.85,144.97,101.52,111.79
"2012-02-01",120.16,138,75.3,95.39,76.16,72.93,128.76,125.62,88.64,100.53,103.98,186.88,94.89,81.32,103.09,89.01,84.42,106.15,87.61,79.31,130.25,94.12,84.16,89.54,111.08,93.31,97.34,96.95,82.21,105.37,96.85,69.18,95.68,112.11,113.41,99.04,92.11,107.43,118,82.23,119,108.56,122.01,104.5,67.36,101.88,126.03,112.5,123.97,89.86,99.73
"2012-03-01",108.96,123.45,76.63,84.89,75.78,69.14,119.4,114.19,70.06,102.5,96.48,206.17,88.5,75.41,92.12,84.83,78.38,89.3,82.71,74.93,112.72,91.58,83.16,84.81,102.62,82.12,89.08,89.93,82.17,99.4,86.34,64.36,90.29,102.19,97.23,88.03,83.7,108.47,100.23,80.36,108.99,98.42,103.89,96.96,62.75,93.14,108,106.77,100.47,85.2,92.36
"2012-04-01",103.58,108.95,87.36,73.71,71,63.09,103.44,97.71,56.36,103.35,90.03,197.62,71.09,66.34,79,74.01,71.25,79.14,80.81,62.74,95.82,75.43,70.67,72.75,93.88,70.69,76.24,71.82,75.26,88.89,79.87,56.03,81.17,83.94,82.34,76.09,78.97,88.96,86.51,64.01,95.1,82.31,91.89,97.82,58.43,79.22,86.31,89.56,79.07,75.77,72.76
"2012-05-01",126.4,100.77,126.48,82.27,74.23,66.55,102.96,102.82,73.08,110.65,113.43,205.07,67.13,79.99,96.06,78.24,95.52,96.09,94.58,65.61,103.56,79.62,86.19,74.26,106.78,99.6,69.92,75.96,109.76,82.22,91.34,62.17,88.04,102.29,76.7,89.88,101.58,79.1,86.01,73.54,116.36,80.93,102.55,119.56,65.46,86.46,110.74,76.71,87.42,80.53,69.12
"2012-06-01",158.36,96.92,172.39,117.27,86.86,89.25,116.53,133.18,102.2,143.91,145.69,210.87,75.76,99.94,114.22,105.94,141.07,113.12,120.63,80.73,130.96,92.62,102.78,94.29,139.01,138.12,73.19,114.37,144.81,88.82,122.65,86.78,104.34,123.61,83.43,115.05,128.64,76.24,101.97,87.14,149.49,91.2,128.72,155.96,87.25,86.22,129.43,73.25,93.02,102.01,74.93
"2012-07-01",192.64,106.25,190.96,149.49,94.45,113.05,160.24,192.31,139.77,160.33,190.17,210.15,102.11,134.56,145.93,149.73,187,145.69,143.9,83.5,178.54,115.67,155.07,125.82,164.03,187.95,86.76,164.47,179.1,109.74,177.38,101.44,144.33,164.45,107.71,150,166.48,86.23,129.49,112.69,183.06,121.26,168,176.77,119.73,100.31,172.22,76.61,113.28,133.19,85.9
"2012-08-01",177.91,103.3,197.53,156.52,118.68,107.51,161.68,184.03,128.54,164.71,173.8,210.24,103.83,107.96,124.93,119.8,154.56,132.41,142.51,85.26,165.78,114.96,113.16,103.49,162.87,159,92.39,140.51,180.95,116.75,164.05,105.51,146.47,151.65,97.76,136.55,160.82,88.33,124.03,116.1,176.94,112.48,160.95,187.57,119.61,101.93,153.8,75.44,112.54,100.82,82.67
"2012-09-01",148.73,94.42,153.28,128.86,116.11,87.09,131.41,116.69,85.53,149.87,141.98,193.74,65.93,85.46,95.41,84.43,106.55,103.81,130.48,69.31,126.38,97.49,82.99,80.77,145.08,100.18,72.4,100.48,133.02,101.05,108.17,81.91,126.13,122.6,83.37,94.02,120.41,73.63,104.83,84.46,138.06,95.05,136.42,159.04,79.45,75.85,114.31,66.57,86.86,83.65,71.1
"2012-10-01",109.85,105.81,105.25,85.74,87.15,71.3,105.32,88.41,62.84,128.78,95.56,206.26,75.23,70.8,84.77,70.52,78.46,81.87,102.75,75.42,101.57,76.42,74.96,75.52,108.49,75.78,70.28,73.42,90.66,83.13,81.11,63.25,94.93,91.65,86.35,82.3,85.6,78.2,86.99,71.7,103.79,81.32,96.42,115.49,61.14,90.83,92.83,69.93,88.5,78.22,72.83
"2012-11-01",111.14,123.57,75.77,78.99,73.83,71,113.99,120.43,70.78,101.08,93.08,192.71,87.98,72.39,93.33,77.94,78.19,95.41,81.26,74.45,117.23,77.19,85.07,81.96,99.17,80.63,82.99,79.21,64.34,88.69,89.72,56.89,91.44,101.95,102.21,95.53,76.84,94.85,93.81,69.85,111.12,90.87,103.11,96.36,66.27,107.98,112.11,85.13,112.06,85.18,89.62
"2012-12-01",127.92,146.39,88.01,91.06,85.76,79.72,131.14,120.2,91.13,102.37,106.94,200.97,107.73,80.74,110.42,98.86,98.97,112.66,89.27,89.85,136.01,100.1,102.12,97.13,109.92,100.77,102.34,97.29,88.76,104.72,95.6,70.55,105.14,120.9,140.77,115.28,95.86,119.19,116.98,97.95,134.4,109.19,123.71,106.97,79.88,115.28,133.88,108.56,131.35,97.53,101.55
"2013-01-01",142.17,145.8,104.55,117.22,102.99,88.21,147.43,156.41,86.55,109.43,119.74,209.51,134.54,87.14,125.06,114.91,109.76,132.82,118.95,94.62,157.15,104.53,107.12,110.67,133.94,119.07,114.56,114.52,106.59,117.57,110.29,84.36,113.98,137.37,132.36,116.42,101.23,134.22,128.94,99.1,144.87,128.69,148.18,132.1,89.63,117.71,142.21,126.95,137.6,108.57,123.37
"2013-02-01",126.24,118.92,83.93,104.34,81.51,77.12,141.07,142.8,91.94,98.47,111.66,168.06,99.93,80.54,111.57,95.34,91.52,119.05,101.39,81.89,140.22,99.15,88.73,97.72,118.53,105.24,97.38,103.45,76.78,117.97,93.82,72.96,115.12,119.87,128.52,104.55,91.01,106.4,123.27,89.79,125.35,117.62,125.28,103.05,70.78,102.17,132.72,112.62,132.4,94.99,101.65
"2013-03-01",129.08,124.24,79.93,103.51,75.76,76.21,129.47,112.69,102.66,102.01,114.29,186.99,90.56,76.67,115.75,99.7,96.79,118.29,98.74,79.27,134.56,95.94,96.56,94.44,118.13,110.3,91.28,102.12,77.19,101.71,94.4,65.94,104.36,122.39,120.28,112.32,96.21,100.01,114.26,95.61,124.48,112.59,125.8,101.25,68.31,99.86,132.52,102.66,134.8,93.79,97.56
"2013-04-01",106.32,117.24,87.87,89.53,70.69,69.97,119.27,102.91,67.62,104.11,92.69,186.65,77.1,67.71,90.96,84.8,81.93,94.17,87.81,68.02,103.37,82.22,81.16,84.84,107.76,84.95,82.58,88.47,74.33,97.18,78.15,57.15,92.64,98.26,105.29,85.89,87.89,84.56,97.43,68.57,146.19,101.88,110.15,98.48,61.88,89.84,100.71,92.05,92.72,84.53,87.51
"2013-05-01",113.19,107.34,124.7,82.5,78.12,72.04,102.48,99.59,64.32,112.27,103.88,189.53,72.79,73.45,92.2,80.75,87.32,93.28,92.73,65.88,105.83,79.57,87.69,80.66,104.16,98.39,74.36,85.04,97.28,86.58,88.9,62.94,92.22,90.15,89.71,91.37,93.18,78.3,85.35,71.69,105.35,90.19,95.15,111.44,66.62,83.71,95.68,78.02,80.56,81.23,76.97
"2013-06-01",156.38,92.41,177.14,109.37,92.42,90.25,123.41,117.66,94.64,136.94,149.12,185.18,85.13,78.95,107.13,94.82,124.39,111.51,135.79,81.69,138.39,96.84,94.72,92.22,141.11,130.78,71.3,99.15,153.4,94.03,124.55,89.08,114.25,123.17,87.66,109.95,127.59,75.35,102.7,82.31,143.85,91.99,124.21,155.99,87.43,86.79,127.71,68.85,95.75,91.05,69.41
"2013-07-01",167.01,99.23,207.98,138.73,117.14,109.84,173.6,155.37,134.39,149.08,166.83,194.11,114.8,100.12,130.32,124.66,152.97,133.76,161.53,85.61,177,128.98,129.18,117.11,164.31,163.74,86.56,143.16,200.37,116.76,185.17,104,158.23,148.06,105.01,136.38,150.01,92.24,129.9,120.57,169.7,113.53,149.76,178.92,124.15,108.89,158.51,76.57,108.23,112.83,82.27
"2013-08-01",170.71,97.36,190.89,138.45,105.24,106.98,149.84,134.31,126.47,156.64,171.48,199.17,106.55,98.74,126.21,124.63,145.65,129.46,163.85,79.17,157.42,114.08,109.53,110.59,168.04,154.32,91.53,134.9,161.18,111.58,140.27,101.64,141.89,145.23,99.49,123.73,153.4,82.57,118.45,102,164.12,113.08,142.96,187.81,117.59,99.37,141.39,74.23,94.52,107.66,82.54
"2013-09-01",155.88,97.73,154.74,132.95,117.11,92.2,129.76,113,79.37,149.27,146.34,185.25,76.33,73.16,104.93,99.44,124.51,109.45,156.15,68.33,129.05,99.62,87.46,91.18,159.26,119.04,76.19,120.29,121.28,102.12,104.88,82.66,124.24,124.86,91.03,99.18,135.46,75.79,102.73,83.15,140.43,105.13,135.25,168.28,84.08,85.44,116.35,69.84,84.75,88.08,76.46
"2013-10-01",116.31,106.25,94.04,96.53,82.62,74.95,104.43,92.41,69.35,126.87,101.69,196.94,85.3,68.27,93.56,81.63,83.63,87.2,124.67,73.71,111.72,81.55,83.03,80.42,125.93,84.7,77.84,85.64,78.24,84.68,84.33,63.01,95.98,97.62,89.36,86.05,94.46,88.27,89.11,71.61,107.41,90.66,99.51,127.27,67.63,87.31,96.39,75.19,80.61,80.21,79.94
"2013-11-01",110.3,118.58,73.61,81.17,76.11,73.63,115.39,105.47,72.49,105.29,98.13,188,99.68,72.31,98.4,88.38,84.1,96.52,88.24,76.35,123.54,89.94,89.57,86.84,104.55,89.28,88.63,85.94,69.05,89.91,87.95,59.05,91.23,100.43,117.2,98.86,83.17,96.89,97.7,82.43,107.92,101.46,97.72,99.75,65.47,96.71,115.6,87.78,106.6,91.58,90.48
"2013-12-01",142.67,150.1,96.35,109.28,92.14,87.33,148.61,134.5,96.58,108.25,120.02,194.95,137.36,85.36,129.14,114.55,111.15,129.98,109.53,95.02,161.38,138.98,108.57,111.48,131.91,122.55,113.93,117.17,102.9,111.87,104.48,75.87,113.81,138.78,151.83,120.26,111.83,144.23,126.06,130.94,141.8,131.9,137.08,134.35,89.86,112.47,144.55,121.72,128.45,107.98,121.99
"2014-01-01",187.46,145.04,93.43,126.82,97.3,89.2,173.34,158.33,115.47,126.18,165.23,195.43,126.29,96.4,150.05,123.01,125.31,162.33,133.15,103.97,193.38,129.87,114.11,119.43,161.23,135.61,119,125.14,103.81,130.93,117.21,82.92,135.22,162.79,148.31,137.37,117.43,131.15,148.77,114.36,186.52,140.5,170.1,150.9,80.26,125.39,170.73,125.65,177.76,117.04,118.94
"2014-02-01",154.9,117.72,75.3,124.98,78.94,77.71,169.89,146.41,105.21,121.26,134.17,176.51,103.43,91.8,135.68,107.49,108.63,144.68,132.36,86.23,167.06,121.64,94.8,107.22,163.47,123.03,103.57,109.21,79.67,128.38,101.2,71.51,140.01,144.54,146.37,122.94,113.64,117.88,143.33,104.7,160.53,131.74,171.43,131.66,65.57,110.51,145.46,117.58,138.18,103.23,110.74
"2014-03-01",130.64,126.07,75.32,108.75,73.63,76.17,155.36,133.49,99.97,107.49,116.44,187.01,92.59,84.5,119.79,102.34,101.52,126.45,105.48,93.63,155.66,115.21,100.39,103.84,130.02,109.25,101.56,107.18,80.24,114.81,104.7,62.53,127.6,127.58,132.58,115.34,103.44,99.86,130.27,108.08,138.07,121.33,137.38,113.76,66.35,111.21,135.5,107.18,128.81,96.68,101.08
"2014-04-01",105.56,106.13,86.44,85.04,46.91,70.56,130.55,108.88,82.76,105.78,96.27,174.85,80.81,70.33,91.14,87.7,78.4,93.81,92.86,77.41,114.46,96.71,80.49,84.82,107.96,82.76,80.53,85.55,79.64,102.73,81.65,58.68,101.81,98.28,113.44,87.13,85.72,87.83,101.37,90.3,107.08,102.64,109.74,97.97,60.12,92.41,97.28,86.77,85.55,83.48,85.98
"2014-05-01",120.72,102.47,121.7,81.79,79.4,72.86,120.9,92.69,75.14,123.84,113.58,186.84,75.62,76.62,93.44,80.78,95.63,97.49,102.85,72.28,112.41,86.61,81.15,82.37,110.06,100.98,71.64,83.65,105.32,93.19,76.81,63.84,101.13,101.87,95.5,91.75,96.59,81.49,88.83,86.51,124.28,90.64,101.86,110.35,67.68,86.35,98.13,75.25,80.52,80.91,80.23
"2014-06-01",156.12,102.28,173.02,105.07,96.63,88.1,124.74,117.8,92.98,142.84,155.2,185.63,83.28,96.77,116.78,99.93,129.26,121.16,134.94,68.59,134.78,91.07,99.65,95.09,142.68,138.26,68.93,107.92,162.22,92.25,116.87,89.57,115.99,130.61,93.51,118.81,129.06,76.06,102.8,88.29,160.34,96.2,132.05,155.28,90.6,90.35,131.02,68.44,92.88,93.31,70.68
"2014-07-01",175.45,105.49,205.81,129.72,119.86,109.35,164.19,158.66,114.96,160.24,176.17,200.24,113.88,99.51,124.41,115.93,154.4,130.26,160.57,88.43,157.54,118.58,103.44,105.44,169.75,149.21,78.22,134.6,203.14,113.37,161.26,109.97,142.64,150.78,98.22,128.78,148.06,95.71,123.46,118.84,185.69,107.79,150.83,178.82,121.61,103.76,156.53,73.32,99.35,97.51,80.61
"2014-08-01",179.32,102.85,182.36,129.87,127.3,101.91,152.36,144.87,101.67,167.85,176.46,204.73,98.5,113.34,123.8,128.19,159.97,128.44,159.1,83.48,144.96,115.31,106.61,108.98,170.73,156.26,84.78,130.89,171.31,113.06,132.86,104.21,129.61,138.44,100.07,128.02,156.09,93.47,115.9,114.42,173.4,110.14,143.7,184.32,96.94,97.41,138.93,73.57,93.98,105.88,78.46
"2014-09-01",161.28,101.69,158.97,133.19,125.79,88.16,141.79,120.42,85.88,158.87,150.62,195.6,74.58,77.42,105.51,88.61,119.45,108.45,151.85,76.25,122.37,105.33,86.19,85.86,169.55,107.9,73.75,107.22,146.26,104.77,105.8,84.65,119.33,128.93,90.77,96.72,132.52,81.66,101.27,104.48,155.79,94.51,138.41,172.78,85.55,89.03,121.33,67.96,81,84.16,75.76
"2014-10-01",115.02,116.96,108.52,91.48,79.46,72.51,111.45,96.95,72.32,129.09,104.24,200.39,77.66,77.58,91.52,76.09,85.64,88.55,116.32,74.81,103.95,84.26,79.1,80.37,128.5,81.57,71.78,83.42,96.94,91.65,80.4,68.77,96.87,96.68,93.81,89.07,96.65,78.69,86.93,83.02,112.27,89.43,100.48,129.76,68.37,83.45,94.78,68.39,77.98,79.98,77.22
"2014-11-01",121.03,126.43,76.3,82.89,77.91,73.87,126.34,108.79,69.14,104.1,105.84,173.71,103.98,88.72,107.71,79.1,91.79,106.17,89.67,83.15,122.64,94.39,87.18,87.9,111.84,97.8,83.74,88.19,68.3,98.26,89.09,60.92,99.25,97.89,117.13,108.1,87.89,100.84,97.93,86.38,118.76,102.38,104.86,104.58,71.82,93.37,121.07,77.96,110.62,92.26,91.76
"2014-12-01",135.45,136.97,90.51,103.24,91.38,84.27,158.23,128.02,88.1,110.43,115.45,170.11,115.44,92.38,126.73,104.82,104.92,128.09,103.87,98.61,147.1,124.66,101.11,105.93,128.57,114.98,105.98,112.97,90.59,119.86,99.9,75.85,114.09,134.97,132.01,127.4,102.8,123.17,123.83,101.75,150.22,126.51,132.42,117.92,78.92,108.93,149.74,104.18,130.48,104.17,115.81
"2015-01-01",163.2,149.21,95.66,121.97,99.27,87.21,185.92,172.9,190.66,120.38,139.23,166.99,126.25,97.79,142.83,115.66,119.16,143.98,123.49,112,193.89,150.28,108.48,109.03,152.86,125.64,125.63,116.49,112.32,142.59,121.78,90.51,127.06,151.32,138.12,140.05,112.87,121.83,142.44,121.13,170.28,138.09,156.21,148.63,80.13,121.15,170.09,114.06,155.11,110.8,120.29
"2015-02-01",159.22,132.47,72.81,114.5,81.19,75.11,198.86,167.72,80.53,112.15,135.09,134.68,89.2,93.86,131.66,97.24,106.89,145.05,115.96,106.57,179.25,152.61,91.69,95.06,147.1,122.58,95.58,99.93,75.61,141.17,100.87,74.34,125.46,143.3,133.65,135.04,104.35,96.33,142.4,127.74,158.3,124.25,157.6,124.87,61.25,108.51,168.15,92.9,157.21,98.83,99.11
"2015-03-01",133.17,127.03,84.11,118.72,80.38,75.05,176.35,160.28,107.97,118.82,109.58,144.42,88.9,85.62,119.41,93.44,93.5,122.6,111.33,89.81,148.07,142.26,92.59,89.22,139.03,103.45,91.7,94.63,83.45,139.92,102.73,68.77,118.29,135.58,113.14,117.33,99.16,96.78,132.24,119.64,142.4,109.97,145.99,124.95,70.35,109.18,147.43,92.71,125.41,90.96,103.23
"2015-04-01",104.69,111.46,89.3,79.73,56.21,68.08,150.75,90.14,94.89,117.11,90.76,140.87,79.33,71.19,85.05,77.16,75.49,88.25,85.36,82.98,105.78,112.73,74.12,77.62,104.46,78.16,80.93,77.55,79.94,117.45,78.73,58.76,92.46,90.23,97.28,85.08,81.21,88.85,98.23,100.29,99,94.48,100.47,100.15,59.57,87.65,89.19,84.08,79.29,80.16,81.01
"2015-05-01",124.45,104.58,109.31,80.43,76.9,70.31,126.49,97.62,67.87,126.78,112.24,137.48,84.39,77.24,92.16,79.84,85.5,93.73,100.31,74.16,115.72,98.08,78.96,76.93,110.45,92.8,74.37,76.71,97.25,98.58,94.48,60.86,87.94,99.65,83.81,94.63,91.55,78.86,93.07,89.46,119.31,86.35,95.99,111.41,60.31,80.04,108.08,70.84,89.63,81.84,76.6
"2015-06-01",163.23,100.54,178.1,109.68,92.18,87.68,145.4,134.56,125.77,149.54,155.65,146.82,92.59,91.96,110.81,103.34,139.67,114.83,128.12,72.74,137.4,105.98,87.2,91.37,143.49,138.57,78.95,105.94,170.13,102.25,126.3,84.78,106.33,135.66,91.38,112.83,131.23,88.53,111.68,99.04,166.39,97.13,127.1,147.91,95.35,80.85,142.18,75.19,105.01,88.76,82.44
"2015-07-01",193.15,105.81,201.39,149.53,119.01,103.07,168.15,154.97,151.25,168.23,204.65,169.84,106.91,115.31,130.75,140.91,161.22,135.28,158.41,82.4,168.51,122.69,119.27,110.95,174.94,167.9,91.24,145.33,178.06,109.44,163.94,105.94,128.58,167.49,104.28,134.43,159.16,102.98,126.53,128.14,199.89,119.21,158.01,185.69,120.77,97.02,159.81,81.67,113.13,110.96,84.67
"2015-08-01",186.91,104.93,207.28,158.2,122.81,107.93,167.4,152.34,124.07,164.24,181.63,177.42,100.31,112.67,129.22,122.75,147.99,133.68,178.29,88.52,159.57,131.77,116.24,104.13,186.55,159.5,85.64,127.7,174.48,120.1,159.75,105.56,138.57,150.95,105.06,132.58,155.66,91.58,131.02,147.04,186.76,118.93,160.39,191.77,109.63,100.48,148.63,78.03,117.83,106.5,85.97
"2015-09-01",152.59,105.76,166.77,128.53,129.8,89.42,154.99,130.49,114.74,154.32,141.46,169.56,74.23,93.68,109.66,102.94,127.25,113.89,149.07,83.11,126.88,124.4,96.61,92.03,158.22,120.02,76.46,109.01,151.87,114.71,120.99,90.3,128.47,130.29,88.51,107.87,134.03,77.5,119.63,135.84,148.43,102.95,133.47,167.13,87.85,90.13,122.65,72.86,93.03,97.36,77.43
"2015-10-01",111.22,116.71,115.33,93.31,92.48,75.84,115.94,100.52,85.31,128.73,98.54,151.47,76.04,74.8,88.53,73.41,82.64,88.88,114.75,78.08,104.35,92.34,76.96,80.67,120.35,85.01,71.73,83.91,109.22,93.6,78.88,71.69,97.52,98.63,85.99,85.5,92.28,82.5,94.92,101.66,110.99,92.9,101.88,127.51,69.37,83.51,94.55,74.21,87.2,79.9,77.82
"2015-11-01",102.18,128.74,77.66,76.65,86.23,74.02,113.8,110.14,67.83,116.25,87.62,143.43,94.6,80.34,89.76,72.79,83.98,90.07,86.96,79.32,110.75,87.78,83.16,80.65,100.14,88.02,84.25,78.55,67.51,92.61,78.18,62.76,86.98,88.23,98.59,92.96,76.86,101.55,94.28,91.43,104.01,98.56,93.66,92.72,71.1,87.45,100.71,94.13,96.66,85.81,89.98
"2015-12-01",115.96,148.81,99.83,91.25,97.39,87.23,133.63,104.43,104.15,109.45,97.22,142.39,127.33,84.64,108.27,102.76,103.1,106.47,87.98,90.55,130.16,110.97,98.02,100.16,109.27,108,112.04,107.63,97,106.32,93.82,76.49,98.16,115.17,120.42,108.65,91.82,127.59,113.12,112.9,123.03,121.57,111.59,108.64,84.96,98.26,115.82,121.07,119.03,99.16,115.86
"2016-01-01",154.9,145.74,99.64,110.14,103.56,85.3,160.28,141.33,93.65,113.35,132.26,138.83,125.51,94.81,128.49,115.76,120.83,141.82,109.56,95.57,179.53,127.79,107.28,113.04,131.23,118.84,116.57,115.9,101.34,123.74,106.11,85.13,101.33,141.73,136.23,130.58,104.51,127.6,136.64,117.45,160.17,135.97,137.15,126.3,83.8,113.11,148.69,124.7,177.3,110.09,127.5
"2016-02-01",137.88,126.33,81.6,106.37,88.26,73.27,153.98,136.39,117.28,105.28,118.94,118.99,101.67,84.93,116.94,92.7,99.52,125.76,102.74,92.58,156.17,120,92.46,97.24,125.98,106.07,97.84,100.55,75.65,118.41,94.32,69.8,96.37,127.42,120.86,114.9,92.89,101.75,134,100.99,147.36,120.26,143.74,108.59,71.58,100.97,148.77,104.55,155.68,92.76,107.56
"2016-03-01",114.71,119.28,79.49,89.3,82.02,72.17,142.19,120.53,85.43,101.69,99.95,125.62,93.09,78.32,98.16,92.31,85.82,100.06,89.48,92.31,132.96,108.73,88.44,90.04,104.2,90.14,88.92,89.08,76.35,115.9,84.89,58.32,91.52,109.87,106.37,99.39,85,101.57,112.09,100.98,120.07,107.75,113.35,93.16,65.36,96.95,109.62,99.73,113.04,86.68,96.23
"2016-04-01",104.03,112.56,88.75,76.56,55.61,67.22,127.9,100.24,79.96,99.98,89.25,125.71,76.29,70.53,87.82,78.07,78.23,87,80.42,81.8,107.7,99.55,79.97,79.26,89.12,76.26,81.6,78.18,67.38,104.41,74.88,53.63,82.64,85.83,97.93,88.32,79.83,81.49,96.17,92.57,99.29,96.36,92.35,91.04,61,85.37,92.81,79.7,92.87,80.92,86.32
"2016-05-01",120.62,104.82,119.25,77.68,78.83,70.35,114.76,102.11,64.15,114.18,107.86,128.33,72.75,78.23,90.73,78.14,94.65,89.82,92.83,74.15,107.86,89.01,84.73,80.78,100.45,91.7,73.39,78.62,88.12,89.07,86.39,57.7,82.86,94.97,84.22,90.7,89.62,81.54,90.02,85.22,118.78,92.02,91.52,105.09,64.16,80.6,98.16,72.88,89.97,82.6,78.49
"2016-06-01",165.08,102.74,185.38,108.57,100.07,95.2,142.23,121.38,121.96,141.15,158.78,135.92,87.14,106.99,118.05,125.74,160.37,121.61,123.53,74.27,140.24,100.94,105.58,96.43,133.14,152.99,81.37,124.44,162.22,96.4,119.5,84.3,102.66,132.49,90.02,112.63,133.74,84.06,106.73,103.47,168.9,110.84,127.54,142.44,102.74,85.65,133.38,73.59,134.79,98.23,82.06
"2016-07-01",199.58,104.96,217.55,155.77,122.35,113.74,165.03,155.71,119.96,167.07,197.69,150.17,106.65,124.71,142.1,146.54,177.7,147.25,160.97,86.31,185.41,130.45,134.56,117,167.27,174.15,87.76,152.74,162.72,117.8,173.25,109.21,133.44,159.85,101.96,142.19,169.26,87.29,133.28,135.93,209.23,126.28,166.11,181.85,125.63,101.82,165.81,79.46,131.96,122.49,95.07
"2016-08-01",196.79,106.58,193.82,152.14,142.17,107.71,182.66,168.4,132.07,162.79,194.37,158.38,100.51,126.46,150.91,142.88,167.7,152,161.35,96.86,178.3,149.39,143.66,116.02,167.32,173.6,89.98,138.83,174.67,134.05,178.84,104.4,149.56,160.65,109.03,149.38,164.86,96.11,145.59,155.64,203.16,127.11,173.16,182.58,119.55,103.38,167.14,80.8,144.26,117.47,90.53
"2016-09-01",175.75,101.73,150.01,133.09,114.48,89.05,153.05,145.1,128.13,149.31,160.43,149.33,71.78,94.41,121.67,98.76,132.1,127.76,153.5,89.67,139.18,134.06,102.82,92.38,152.08,127.34,76.3,108.98,115.94,121.43,124.6,83.01,131.83,134.6,89.08,110.74,136.93,78.68,126.26,127.51,161.64,103.36,158.47,162.25,81.67,92.08,129,71.14,113.41,88.36,74.46
"2016-10-01",128.45,119.87,115.04,101.41,73.47,71.2,109.98,114.62,85.93,124.99,106.95,146.36,78.44,73.85,94.74,78.63,93.81,95.11,124.3,77.87,105.52,95.19,86,82.86,126,86.15,76.51,83.09,74.99,97.18,81.88,66.81,95.37,94.73,94.92,82.61,104.21,85.81,94.81,93.56,114.91,94.33,113.54,126.33,64.26,83.58,93.4,79.66,91.11,80.76,80.4
"2016-11-01",108.91,134.13,81.24,80.43,83.81,72.15,114.73,97.85,70.28,98.14,92.48,137.85,91.07,74.8,97.45,77.19,84.87,93.88,92.51,78.03,111.38,93.76,84.76,87.01,100.94,84.19,83.85,78.78,74.61,98.42,78.73,59.65,87.52,94.64,103.24,87.61,70.81,92.6,97.54,87.72,111.61,100.51,99.35,97.03,65.6,91.15,100.96,89.53,107.57,84.86,90.32
"2016-12-01",139.65,159.37,91.88,97.59,96.79,88.68,139.79,120.68,86.86,102.4,111.2,149.04,133.84,94.02,132.47,111.32,111.74,129.66,97.83,97.84,154.29,116.52,109.45,109.45,112.95,118.03,113.35,116.39,91.01,114.68,99.22,79.5,99.32,120.47,141.63,124.9,105.77,142.02,126.98,107.06,137.71,135.62,130,108.2,85.47,109.24,138.01,131.18,161.22,107.66,127.07
"2017-01-01",145.51,168,96.75,116.15,108.39,88.05,157.94,138.09,103.33,109.11,121.47,145.36,140.43,91.23,132.26,117.06,117.26,135.58,95.37,109.19,160.84,127.42,112.24,116.25,126.93,120.39,141.76,120.19,84.55,136.07,105.26,82.02,108.03,124.85,147.85,119.81,110.22,153.46,139.99,114.37,144.95,147.3,146.31,119.47,84.72,115.1,145.29,145.7,160.95,109.38,134.02
"2017-02-01",118.84,139.39,77.16,94.22,91.52,71.9,138.11,120.12,87.3,95.91,100.63,126.18,105.68,75.8,103.11,90.78,85.73,105.9,91.04,96.06,130.18,113.58,88.24,97.22,106.5,93.86,110.81,94.67,66.12,115.79,85.13,72.71,95.22,98.31,121.09,97.75,88.82,113.76,119.76,103.25,112.85,121.64,120.64,94.15,65.78,97.43,112.67,116.65,115.44,89.39,108.37
"2017-03-01",121.56,147.58,85.9,87.01,90.63,74.4,137.03,126.42,91.01,99.68,104.29,144.14,95.65,86.36,107.66,91.87,91.71,105.64,90.1,99.27,136.75,113.74,94.81,95.18,102.98,93.76,95.48,95.54,74.17,112.74,93.37,64.76,94.21,104.56,119.08,104.82,91.14,108.03,119.89,105.91,117.93,115.53,107.83,92.35,64.3,101.49,120.11,111.66,142.27,91.88,98.26
"2017-04-01",116.11,123.16,95.42,81.08,58.91,66.17,127.95,104.67,81.41,109.04,98.72,139,80.83,68.93,90.12,80.34,82.81,88.03,89.78,83.42,103.4,103.6,78.23,82.61,103.11,81.92,81.44,82.01,71.54,111.47,74.93,57.91,83.65,84.87,93.73,83.79,87.08,90.91,97.46,94.95,109.54,99.63,99.43,93.26,61.4,87,94.96,91.77,94.41,81.26,88.59
"2017-05-01",128.35,110.17,128.96,84.12,88.11,71.17,111.74,101,78.21,127.67,112.41,145.05,78.44,77.04,95.25,82.47,98.65,97.15,104.1,76.16,106.57,95.98,84.61,82.63,109.57,99.69,77.58,82.62,93.58,94.77,85.9,65.67,85.74,100.59,86.62,85.98,92.99,86.58,90.89,80.95,129.39,94.62,100.66,108.91,65.37,81.7,102.22,81.24,92.24,83.66,83.16
"2017-06-01",155.09,105.43,187.94,113.67,109.71,92.7,134.65,115.79,104.4,144.37,148.39,150.61,92.29,105.25,120.28,120.97,140.78,116.78,133.89,80.85,140.42,112.75,105.6,101.05,135.06,146.21,76.8,116.76,140.62,106.99,121.46,95.16,106.24,122.86,93.7,110.73,131.61,83.56,107.08,93.06,160.9,108.93,127.78,143.5,97.01,88.14,131.1,77.07,104.68,97.15,83.53
"2017-07-01",190.69,109.77,213.16,139.11,139.51,110.04,171.7,148.6,131.47,164.12,182.5,160.65,117.81,118.84,143.28,150.05,179.54,147.65,161.09,84.41,167.46,141.8,125.34,119.18,162.35,189.04,93.63,150.72,184.14,125.41,158.57,118.47,137.11,151.6,109.62,135.67,162.28,95.48,133.84,123.8,192.88,131.69,155.71,169.96,131.48,98.06,170.26,83.47,128.2,112.69,99.85
"2017-08-01",186.2,107.03,196.48,145.95,143.06,101.54,160.44,144.61,114.13,164.51,179.33,162.56,105.51,102.82,131.48,125.58,149.28,133.48,158.53,83.8,144.51,138.69,109.34,100.88,164.96,149.43,95.13,125.3,158.4,124.69,137.27,104.06,130.86,143.46,102.57,122.85,148.78,100.24,126.91,124.73,186.08,115.41,155.6,172.96,122.63,97.12,150.72,83.84,120.01,97.45,84.42
"2017-09-01",154.89,106.34,163.52,123.17,131.56,87.88,132.45,127.24,98.54,150.24,142.25,154.61,77.27,94.51,111.2,95.31,133.47,108.76,142.61,83.39,117.02,116.79,89.7,92.61,143.99,115.7,78.83,107.55,114.9,103.6,104.31,84.92,110.8,117.56,91.77,99.67,123.27,84.96,105.27,105.54,148.57,103.42,126.15,147.78,81.15,87.12,110.88,77.43,91.11,93.19,76.54
"2017-10-01",129.83,120.08,117.48,101.16,74.55,71.59,119.46,105.82,85.13,137.46,112.25,157.95,83.79,72.48,97.35,82.87,95.45,94.32,124.25,72.76,103.28,102.61,84.06,83.14,126.21,90.36,80.06,83.05,80.77,99.7,78.79,65.9,97.07,100.3,91.94,87.6,102.76,83.96,99.1,93.99,128.41,97.52,107.4,125.11,63.55,82.89,106.15,83.59,98.87,79.11,89.58
"2017-11-01",116.46,140.11,84.13,84.65,88.51,70.56,126.32,100.75,90,108.26,96.51,153.32,96.06,85.95,104.95,85.96,89.93,102.47,94.18,85.34,110.95,103.9,87.67,91.52,104.38,89.13,91.13,87.3,71.72,109.37,79.47,61.14,89.6,97.13,116.49,97.63,84.16,102.87,100.21,103.1,115.95,111.6,103.19,94.54,63.31,91.13,105.67,102.99,117.19,92.72,95.88
"2017-12-01",146.8,157.44,95.37,97.27,93.38,83.59,161.87,127.69,93.01,106.82,117.42,152.45,130.82,96.35,131.48,107.4,110.52,134.03,101.1,92.65,152.64,131.98,109.05,108.73,118.03,117.85,114.62,113.59,86.25,138.79,103.83,77.12,100.1,121.41,138.1,127.32,99.82,135.55,133.44,125.46,141.57,133.68,128.87,106.76,79.08,113.24,144.32,130.59,165.97,107.98,122.94
"2018-01-01",194.39,160.13,94.4,143.65,103.23,83.2,188.41,151.05,117.5,131.81,159.85,160.74,123.07,108.29,146.99,124.87,131.63,163.04,141.75,117.39,179.99,165.71,117.94,118.71,166.22,137.07,125.67,121.85,87.9,155.66,112.18,82.32,120.01,163.23,147.93,140.36,127.93,125.17,158.88,136.52,203.35,148.51,180.74,148.29,75.75,132.39,190.85,128.22,195.61,111.81,125.04
"2018-02-01",129.19,142.37,81.87,123.57,87.1,73.96,138.59,123.36,97.43,110.52,107.32,140.54,105.77,85.48,119.94,105,102.28,120.94,111.26,108.58,131.87,129.83,93.81,101.94,138.37,114.39,107.08,108.17,78.34,118.95,89.04,69.55,104.14,116.51,137.07,110.5,104.15,110.46,123.55,113.65,128.98,136.36,147.43,114.24,63.81,105.29,127.61,111.38,130.65,94.69,106.67
"2018-03-01",119.84,140.17,87.01,100.32,101.57,73.88,143.69,120.74,92.08,102.16,102.75,159.78,101.2,83.07,114.43,102.73,100.88,112.95,91.44,98.48,136.06,126.09,95.65,98.6,109.71,103.09,108.44,103.1,79.82,120.92,92.5,65.62,96.18,108.58,121.85,109.21,93.04,111.52,120.44,110.09,117.51,126.53,114.2,95.59,62.66,96.83,129.37,114.14,143.34,92.12,105.69
"2018-04-01",109.03,116.46,105.18,82.12,66.36,67.44,130.69,112.46,88.17,104.64,90.96,156.53,81.48,76.35,101.18,91.11,90.77,97.78,87.17,90.26,107.29,113.79,88.59,87.02,103.93,91.42,90.35,90.29,82.42,108.01,78.1,58.11,89.69,95.42,107.48,96.85,87.59,93.82,107.59,99.59,106.99,112.15,108.62,91.02,56.89,91.09,107.86,92.59,110.03,85.99,90.19
"2018-05-01",133.72,112.69,136.63,86.72,90.06,73.53,119.71,98.83,84,114.91,114.38,154.21,77.15,87.77,106.9,90.68,125.3,110.07,103.67,77.74,106.73,102.57,91.79,91.66,115.51,120.62,78,92,105.98,96.65,88.08,67.9,89.44,108.33,93.53,99.18,107.7,82.55,96.65,94.31,128.44,101.11,106.96,115.57,61.76,83.64,112.14,75.6,104.43,90.51,79.29
"2018-06-01",171.47,103.96,180.93,124.7,99.37,94.03,139.96,113.49,97.74,140.77,161.2,164.42,82.99,107.06,127.67,128.66,168.47,127.39,145.16,82.43,130.29,114.74,109.24,111.05,159.57,167.89,72.6,121.91,148.04,105.38,115.49,98.45,108.26,135.7,99.94,118.62,149.93,79.6,107.71,102.23,171.91,114.55,143.74,163.63,88.68,85.84,143.45,74.2,109.49,93.65,83.45
"2018-07-01",188.16,112.73,215.96,147.34,138.64,110.99,203.06,142.97,114.97,159.35,178.93,184.3,110.49,118.19,147.98,144.45,181.87,144.23,165.87,96.03,159.85,150.42,144.14,122.68,171.66,184.32,87.63,145.78,205.24,141.59,159.05,116.96,145.99,151.9,108.96,142.43,164.51,99.46,134.74,146.86,189,127,165.18,176.99,123.92,107.85,161.77,82.02,129.44,117.47,98.21
"2018-08-01",183.93,107.7,209.5,140.16,175.16,106.33,198.2,145.48,121.16,156.47,175.29,189.24,99.88,123.03,146.3,144.28,165.64,141.72,162.5,105.88,153.34,166.88,126.92,119.94,168.63,167.91,91.67,129.21,179.94,140.4,162.62,111.96,149.19,148.7,110.68,136.28,155.82,95.56,134.14,159.3,145.63,129.8,159.87,181.58,110.84,109.56,160.15,80.32,122.94,111.98,87.12
"2018-09-01",174.49,109.61,175.36,128.52,101,89.05,153.8,129.6,109.51,152.97,162.3,180.67,71.93,92.37,124.64,99.01,125.11,122.52,146.83,96.77,127.9,145.3,97.85,98.5,158.32,122.26,75.38,107.93,135.66,123.88,118.4,84.55,137.82,133.64,92.6,106.4,125.27,77.77,124.04,139.29,156.5,107.33,149.11,156.86,80.57,94.09,132.07,70.81,106.19,89.62,72.72
"2018-10-01",130.91,117.88,104.69,95.69,82.83,73.89,122.74,109.79,94.85,141.5,110.96,180.85,77.54,79.7,103.92,84.25,95.45,102.24,118.45,84.69,109.71,108.92,82.56,86.85,131.96,95.7,77.91,84.58,84.1,104.57,82.11,67.93,104.98,109.42,100.28,96.52,101.57,82.77,99.47,107.4,128.09,103.45,118.82,123.58,63.15,88.49,109.04,79.56,102.61,82.67,72.38
"2018-11-01",126.03,130.43,83.85,83.67,86.51,75.32,139.41,101.68,93.89,113.8,102.32,175.5,95.16,87.08,112.52,89.64,101.51,109.95,92.8,92.47,117.93,114.88,90.53,94.25,110.33,101.29,90.75,93.84,76.1,114.11,80.16,66.48,93.68,106.04,122.33,104.04,87.45,102.36,104.8,112.51,117.01,112.6,111.82,100.8,63.77,100.25,117.92,94.11,118.87,93.97,99.71
"2018-12-01",145.23,153.34,101.57,103.93,100.59,85.04,163.27,119.93,100.85,108.69,106.35,170.78,123.55,91.37,128.33,106.64,106.55,130.05,107.2,105.65,143.26,134.96,104.04,108.88,129.31,115.38,112.94,112.67,89.59,137.07,97.48,83.14,103.77,124.56,132.62,117.3,102.42,127.56,128.63,129.65,137.22,134.72,141.72,110.92,74.99,114.89,146.89,117.51,146.44,100.59,118.38
"2019-01-01",157.68,161.55,105.12,116.67,108.5,85.77,179.56,134.25,106.69,113.53,133.32,168.62,121.28,100.93,141.88,120.94,99.05,141.69,113.03,116.02,165.73,147.27,109.25,118.02,140.07,123.47,118.19,118.31,90.25,147.98,107.99,90.03,107.62,137.84,149.07,128.33,110.48,125.78,132.01,143.35,148.34,139.71,146.72,128.29,77.07,117.78,164.81,124,151.12,109.8,125.77
"2019-02-01",130.79,140.39,94.15,110.31,99.46,76.53,158.57,127.7,100.43,105.95,108.49,134.45,107.36,87.1,127.32,113.65,111.03,117.83,104.05,118.83,141.18,136.03,95.64,104.69,124.23,109.97,115.93,111.62,85.49,128.62,94.49,73.15,102.48,119.7,144.34,110.77,101.42,123.48,133.16,128.45,128.44,142.96,143.53,112.64,68.74,104.3,136.04,121.25,128.74,97.82,109.48
"2019-03-01",127.21,138.17,86.09,106.08,93.12,79.52,155.7,121.6,103.55,106.05,108.4,151.96,100.23,89.32,123.31,109.78,99.46,117.58,96.16,110.59,135.24,130.31,97.33,106.1,114.88,101.77,119.51,113.79,76.34,124.65,93.05,69.26,94.51,110.81,131.1,113.17,99.78,115.3,122.99,121.09,118.69,135.4,124.74,108.28,63.84,97.67,130.85,118.57,138.47,96.39,110.07
"2019-04-01",113.99,119.75,95.27,82.5,68.64,66.73,127.09,96.24,79.15,106.63,96.14,151.8,77.47,74.22,94.88,80.77,80.87,89.31,85.97,94.94,95.84,109.02,79.15,85.39,103.05,80.94,88.14,85.93,79.34,107.65,74.14,57.55,82.37,96.43,97.97,83.17,81.38,85.86,95.58,100.57,107.89,109.33,102.47,92.52,56.23,84.61,98.82,89.91,97.56,82.44,85.48
"2019-05-01",140.28,112.93,109.72,81.04,88.21,69.48,125.87,97.76,89.42,128.37,128.55,163.36,73.87,77.8,98.24,90.79,94.85,101.66,105.67,91.39,104.95,103.45,79.42,84.13,114.82,100.36,77.42,84.93,84.21,100.19,86.85,60.79,81.61,111.19,90.64,86.94,91.02,81.03,89,99.12,134.13,100.67,102.15,115.51,58.61,79.13,113.64,76.63,93.52,82.43,79.22
"2019-06-01",165.81,104.92,162.5,110.7,98.65,82.32,144.33,112.42,90.19,152.52,155.39,174.23,79.48,93.34,114.87,108.02,131.67,119.58,140.14,86.64,125.79,107.4,92.64,93.85,148.54,135.69,75.89,108.82,132.27,104.58,117.02,82.9,99.31,126.81,95.01,103.87,124.9,81.46,101.95,101.44,158.47,109.03,135.24,148.6,73.88,81.67,139.06,72.81,104.08,86.79,85
"2019-07-01",194.2,114.78,209.39,133.99,127.6,107.13,209.07,146.75,129.2,164.41,187.78,188.27,101.89,128.12,152.46,151.78,159.99,150.54,161.31,97.78,159.97,153.56,147.75,119.39,169.75,172.2,83.55,135.91,176.04,141.73,177.68,108.04,141.55,154.49,110.46,146.35,159.86,89.65,139.2,148.89,189.08,125.11,160.75,176.15,113.03,100.62,177.87,77.96,140.11,121.63,94.92
"2019-08-01",196.41,110.7,209.75,144.94,143.72,112.82,175.95,149.42,117.03,159.81,185.87,189.78,98.22,108.78,141.67,135.51,152.3,143.33,158.8,102.25,142.7,155.08,122.47,105.81,171.04,164.1,91.18,128.6,178.31,136.3,148.9,111.57,142,148.5,102.31,129.23,163.89,93.57,134.31,161.72,182.27,122.74,158.58,190.3,111.92,96.24,156.27,79.71,129.43,100.94,86.84
"2019-09-01",186.56,112.15,159.48,136.39,128.18,91.31,121.21,122.58,103.39,159.8,163.42,181.91,71.95,91.81,122.3,103.21,139.89,126.98,159.37,93.44,117.13,122.15,92.42,91.18,166.81,129.82,77.51,110.86,129.2,104.67,107.13,90.75,112.77,138.46,94.56,105.09,146.62,80.94,112.46,123.14,166.28,108.02,151,177.41,79.43,80.14,130.93,71.58,109.32,88.86,75.83
"2019-10-01",137.28,124.07,105.24,104.24,75.2,72.57,114.25,101.05,86.87,140.3,112.67,178.13,83.37,79.16,99.4,88.13,95.06,96.03,130.35,87.92,97.01,101.77,85.2,85.73,138.91,91.32,83.55,92.4,81.59,98.41,77.71,69.21,89.67,108.62,103.19,83.29,101.2,92.3,93.67,99.36,131.62,106.9,120.02,142.22,65.04,92.88,105.14,87.98,98.48,84.17,90.61
"2019-11-01",126.53,132.75,80.81,86.55,85.14,71.75,121.28,100.4,81.27,114.1,101.57,166.44,94.41,87.01,109.62,86.75,92.59,109.73,95.78,97.74,110.48,108.93,95.64,88.34,113.01,94.87,99.43,93.75,76.47,109.13,79.04,66.24,87.62,103.78,118.92,97.13,89.63,106.85,102.56,102.66,119.14,113.81,110.89,103.62,62.98,108.26,121.54,94.62,127.43,93.44,98.2
"2019-12-01",128.36,155.63,96.58,100.21,106.56,80.79,175.76,119.9,84.6,104.15,100.24,169.49,116.6,90.92,123.04,107.31,101.81,126.7,97.27,108.79,139.26,134.94,105.79,105.74,124.94,109.34,114.96,112.09,91.85,136.45,96.61,80.89,101.78,122.23,134.35,110.56,96.79,128.05,128.83,130.03,151.8,133.79,131.84,112.68,76.67,123.08,150.63,119.02,144.29,101.47,117.04
"2020-01-01",145.05,164.86,98.32,116.7,111.9,82.15,171.49,116.87,98.45,107.19,120.66,172.13,116.95,94.08,126.96,119.74,107.29,128.08,106.54,108.39,145.06,143.93,104.76,110.22,130.14,116.78,121.52,116.15,87.84,139.68,97.14,84.96,105.36,125.29,140.71,113.82,100.76,120.62,132,139.15,140.21,142.14,134.93,116.74,74.18,122.69,154.13,122.55,144.64,106.54,116.11
"2020-02-01",134.35,137.18,86.22,110.24,89.92,75.76,156.44,114.75,80.64,100.87,113.01,145.16,101.26,88.79,119.95,102.92,99.27,119.84,95.55,105.27,128.62,129.33,98.53,98.53,119.13,105.1,106.85,105.38,77.97,118.49,85.42,72.63,94.42,117.89,123.91,109.01,95.87,110.66,119.77,116.93,129.84,130.4,133.91,113.5,67.52,115.81,128.63,109.75,138.38,93.73,110.43
"2020-03-01",121.19,135.64,81.76,99.47,92.02,74.17,145.6,110.6,75.58,107.34,104.06,156.37,92.37,81.19,108.13,96.48,90.15,105,91.07,96.58,112.42,120.95,96.96,95.35,110.92,93.74,102.85,101.31,75.83,112.24,82.42,63.94,90,101.23,119.95,92.25,87.06,112.4,101.59,113.07,116.41,122.23,118.28,104.15,63.3,110.5,114.29,112.71,118.59,92.57,103.1
"2020-04-01",109.44,118.94,100.18,85,82.38,69.3,146.43,99.59,71.19,119.58,93.28,151.89,79.39,75.91,97.07,89.01,86.85,93.19,90.06,93.21,100.56,119.81,91.88,87.69,100.75,84.04,96.23,89.12,78.38,107.98,85.8,61.27,85.12,96.26,107.74,91.11,83.44,91.86,102.91,110.67,107.03,111.88,100.91,103.29,59.89,102.13,101.16,91.14,104.55,86.79,92.77
"2020-05-01",125.63,109.64,154.95,85.21,100.83,76.64,139.27,102.61,80.63,107.16,114.32,159.99,75.39,87.12,99.31,92.08,96.91,99.55,103.28,86.44,104.44,112.3,95.19,86.01,109.45,100.33,81.12,87.52,110.01,109.58,87.3,75.79,91.2,99.63,96.82,93.03,90.81,88.07,98.21,104.55,117.7,100.08,99.73,120.74,69.59,98.22,107,79.01,111.93,88.9,79.41
"2020-06-01",161.18,104.62,176.51,112.41,113.83,99.86,169.53,120.9,87.75,146.8,153.34,162.77,84.18,111.26,130.28,119.27,150.16,121.46,131.91,86.29,127.17,122.66,126.4,112.11,138.82,150.5,81.59,122.67,136.27,118.34,126.17,99.03,115.64,124.72,104.62,112.44,135.48,86.38,109.25,116.18,154.9,116.4,129.4,155.72,83.85,106.28,143.89,79.74,111.74,105.97,85.3
"2020-07-01",194.27,108.18,227.59,149.53,146.51,117.77,233.42,152.03,123.45,168.97,194.55,159.86,108.97,135.89,158.28,157.52,172.07,153.74,155.59,104.68,166.99,170.18,164.46,133.35,165.82,182.99,90.95,154.47,172.61,149.77,198.33,126.59,158.13,159.26,119.04,149.08,163.11,100.08,148.76,178.36,190.79,139.14,160.65,188.61,117.48,127.78,187.73,86.63,147.36,134.62,98.5
"2020-08-01",194.07,107.63,227.93,145.81,156.51,118.16,205.75,149.82,111.48,167.87,188.95,166.62,102.92,121.51,144.89,141.89,155.84,139.07,156.37,111.83,150.92,179.56,136.29,121.15,166.6,156.8,99.28,132.52,180.57,143.94,169.96,125.39,151.89,150.28,113.7,129.39,155.02,99.55,139.17,187.79,184.03,138.69,161,186.96,129.3,116.13,170.9,82.55,132.01,114.44,96.77
"2020-09-01",161.39,106.32,171.17,131.17,152.49,95.2,147.25,128.69,94.56,156.13,142.24,169.6,75.06,79.77,118.19,95.06,111.26,114.02,145.1,90.75,112.39,134.38,95.35,92.21,149.57,108.61,84.95,108.53,142.27,104.13,113.94,95.32,126.03,123.64,97.41,99.15,118.75,86.44,107.19,139.17,147.53,110.79,140.08,162.02,84.78,98.28,119.23,76.06,107.75,83.86,78.8
"2020-10-01",120.65,119.47,127.78,93.85,137.93,79.27,126.08,99.46,77.21,134,106.28,175.43,80.26,78.88,103.24,83.07,96.94,93.37,113.03,83.53,95.82,107.89,95.14,88.82,115.57,88.61,80.2,90.49,94.72,98.05,77.85,77.59,101.52,99.35,98.66,90.01,91.5,89.53,91.45,111.18,116.71,104.9,99.42,120.91,66.54,99.34,85.17,81.98,99.03,85.77,84.72
"2020-11-01",114.06,137.1,86.6,85.28,93.76,76.08,132.72,92.05,76.24,115.39,97.04,166.15,98.05,78.51,104.14,87.04,86.51,98.27,95.33,85,104.27,109.66,95.42,89.23,103.88,86,97.75,91.22,76.87,107.11,82.19,72.21,95.36,93.82,112.36,89.87,84.16,110.63,98.66,115.02,108.42,113.13,98.78,99.52,67.02,105.62,106.83,99.79,113.53,92.04,93.65
"2020-12-01",145.5,146.6,101.97,109.04,122.84,90.03,164.68,117.55,89.29,111.46,130.68,165.87,125.49,94.9,133.36,109.26,108.3,133.64,108.15,96.9,145.36,134.95,117.77,110.63,126.04,110.28,114.74,113.09,90.24,130.89,107.98,85.05,111.21,129.63,123.93,118.33,102.33,131.66,129.83,137.72,143.74,131.54,130.09,117.44,79.3,126.73,161.57,127.06,159.52,107.62,119.59
"2021-01-01",167.62,151.98,103.15,129.68,117.99,88.34,178.78,129.49,99.41,116.34,134.51,169.99,121.84,95.34,138.19,112.76,110.79,144.99,128.94,106.49,154.18,152.87,120.39,111.13,146.36,117.78,116.76,108.66,88.44,140.48,115.73,90.9,118.31,136.75,130.85,122.57,109.23,126.99,138.22,150.7,147.77,134.55,151.73,130.11,77.91,128.99,161.98,122.03,174.02,109.17,119.34
"2021-02-01",165.12,148.76,82.82,163.12,106.22,82.46,170.53,126.81,91.13,112.75,129.19,147.27,104.87,94.65,139.72,113.1,119.69,139.1,125.36,110.5,140.81,144.51,114.14,108.02,145.25,123.64,116.71,114.24,74.61,129.88,100.04,78.92,114.29,131.88,138.66,117.1,141.76,118.67,127.12,135.97,142.16,158.21,149.63,131.27,66.06,119.24,151.11,121,154.15,103.82,118.49
"2021-03-01",132.54,150.6,88.81,117.62,116.24,81.68,155.57,117.26,85.1,108.4,109.69,165.11,94.77,84.3,114.13,95.12,92.65,111.68,112.98,102.02,117.65,128.97,103.1,101.6,126.75,95.12,111.89,104.05,78.13,124.31,96.49,74.19,102.62,108.92,112.3,100.75,78.84,116.48,111.37,128.49,122.18,123.47,124.53,119.87,65.24,110.69,125.02,120.59,137.89,93.32,107.1
"2021-04-01",116.24,127.79,102.15,84.86,90,73.41,130.34,97.83,70.18,108.71,97.57,155.77,80.82,72.42,98.12,82.76,85.23,96.8,94.3,95.18,94.05,115.64,94.54,85.93,102.19,84.22,88.63,85.2,80.18,103.19,80.24,64.45,89.68,99.15,97.64,89,84.14,92.67,90.23,107,108.39,107.08,103.11,94.29,58.38,94.61,87.13,94.07,99.71,81.15,90.82
"2021-05-01",126.77,117.04,138.15,88.96,109.34,76.57,120.61,96.02,80.66,128.69,120.85,170.63,75.87,81.84,103.97,90.5,92.73,99.23,114.08,80.31,99.25,106.64,102.59,86.46,110.12,87.07,79.83,84.77,99.11,100.88,88.05,70.23,93.32,99.69,91.67,91.73,90.08,86.87,91.8,96.73,117.86,104.4,98.32,106.94,63.33,92.27,100.5,81.32,103.64,87.21,79.2
"2021-06-01",160.56,113.64,196.61,121.66,124.25,103.55,166.2,117.68,94.62,147.5,158.11,177.01,96.86,112.32,134.66,131.21,142.17,126.11,147.61,86.89,132.37,135.64,137.26,124.02,140.41,146.16,85.43,117.19,160.77,127.43,142.16,103.43,121.74,122.4,108.88,122.34,136.48,102.14,118.87,128.21,146.96,126.79,129.17,144.28,110.37,107.04,137.07,85.83,115.33,112.22,94.1
"2021-07-01",186.81,115.17,207.03,154.57,174.85,122.29,183.18,145.72,120.79,157.17,183.86,191.53,122.34,119.8,149.87,153.28,158.6,150.39,166.72,100,156.17,160.45,147.19,128.26,166.46,168.29,107.72,144.26,184.86,136.78,174.29,120.77,148.93,145.2,124.6,137.6,164.28,108.47,136.82,153.24,172.53,140.72,157,168.18,128.65,108.01,167.14,89.55,137.28,121.52,98.56
"2021-08-01",196,115.06,198.39,162.5,173.24,124.16,186.13,145.9,124.07,166.58,185.51,195.09,100.94,134.27,159.31,149.2,168.85,156.74,182.67,101.3,155.01,164.6,161.46,126.39,173.76,175.9,102.68,136.09,168.71,145.26,171.35,120.91,155.36,151.58,117.56,146.14,173.54,105.56,140.46,164.75,180.98,141.4,163.83,178.48,108.72,120.53,161.66,87.32,136.49,121.75,90.23
"2021-09-01",163.79,116.38,169.05,152.09,153.05,101.67,166.78,132.33,91.09,159.79,145.46,186.31,74.96,93.08,128.65,109.76,133.89,123.04,156.86,106.88,121.29,155.63,105.55,95.44,159.42,138.93,80.22,116.43,131.72,129.82,115.33,98.17,138.76,128.97,96.09,111.05,154.76,86.19,114.5,146.35,151.43,115.89,144.99,168.36,85.08,97.47,128.63,77.16,111.1,91.8,79.14
"2021-10-01",131.56,129.71,106.93,108.5,97.96,80.32,125.59,98.61,80.19,138.72,116.73,187.95,79.55,82.45,106.59,88.33,94.51,102.19,128.3,89.67,101.8,115.21,102.92,88.53,124.97,90.51,76.02,88.25,84.01,103.67,82.39,73.82,105.38,102.16,90.35,94.82,112.26,92.82,96.75,113.99,124.86,101.33,108.73,130.96,63.61,99.03,102.69,85.05,104.86,86.67,79.56
"2021-11-01",127.53,151.5,84,96.75,101.6,77.71,130.44,101.05,82.66,108.75,111.44,185.08,94.35,86.77,117.13,83.15,89.3,117.07,108.57,93.54,117.65,116.78,104.85,92.43,111.2,91.31,92.56,89.55,77.42,113.07,84.37,69.14,99.01,101.13,112.46,99.99,92.69,103.18,109.09,108.88,120.02,106.92,109.97,103.59,65.02,107.8,111.2,97.31,134.96,89.88,92.6
"2021-12-01",99.04,169.31,99.67,105.99,118.46,91.27,160.47,117.5,89.12,110.88,116.25,201.35,124.33,93.12,127.63,106.36,97.74,128.77,110.33,120.02,141.23,139.38,116.89,108.95,117.47,103.46,115.93,108.35,93.39,148.05,97.56,82.62,112.68,116.15,134.18,113.53,98.33,137.84,130.18,131.87,128.11,133.56,130.88,109.19,77.95,125.28,137.22,132.41,145.59,103.66,112.92
"2022-01-01",179.12,172.1,104.27,128.91,138.52,95.76,199.77,141.11,113.36,131.74,143.97,204.76,134.11,108.24,153.01,130.67,119.68,168.2,141.28,135.37,178.28,166.52,129.19,123.73,143.37,126.39,131.95,121.01,97.65,165.97,121.61,87.88,134.3,139.58,158.47,133.96,125.57,135.45,158.05,147.99,156.36,151.1,153.42,138.13,78.1,143.1,171.32,140.38,192.01,123.13,121.71
"2022-02-01",154.55,140.94,91.39,131.68,107.14,85.32,190.94,131.2,95.15,129.77,121.71,167.94,112.26,99.12,143.14,106.59,109.45,144.14,137.04,147.97,147.71,162,110.88,111.15,147.54,115.79,111.97,108.06,84.61,151.11,91.43,81.68,128.69,129.66,141.79,118.71,118.76,115.82,137.71,138.27,139.75,140.17,158.58,135.25,70.48,122.84,154.4,120.57,156.65,106.29,113.16
"2022-03-01",131.5,143.33,91.88,115.95,114.95,88.64,170.5,122.79,92.34,127.69,113.46,198.14,97.77,89.75,121.8,100.94,98.68,118.7,113.64,157.87,127.39,141.19,108.04,108.16,125.49,100.91,107.65,106.96,83.44,144.36,88.98,76.3,116,105.89,128.8,107.24,105.58,109.13,121.14,128.6,116.47,130.85,122.76,124.78,68,115.31,119.49,117.93,143.01,102.3,105.27
"2022-04-01",120.53,124.32,105.31,95.77,94.26,76.79,149.9,96.63,71.77,128.36,105.59,199.44,85.69,80.49,105.41,90.5,88.99,106,105.37,141.38,104.09,129.28,97.57,93.76,110.07,87.73,93.04,88.02,89.03,121.82,81.74,62.96,101.33,91.26,109.07,90.67,92.74,100.62,103.11,122.72,104.23,116.64,108.95,112.23,60.37,99.35,100.76,102.39,112.26,91.39,93.06
"2022-05-01",151.6,123.07,142.3,107.15,120.31,80.54,149,105.29,82.87,151.22,144.49,217.95,79.03,99.45,116.71,104.06,113.22,115.8,137.47,122.45,109.14,116.84,103.71,95.06,129.76,98.92,86.64,91.37,116.67,121.28,99.39,72.9,107.46,111.48,99.29,95.97,122.98,91.44,99.24,102.73,135.95,106.47,111.72,149,66.6,96.78,111.78,89.76,113.36,95.71,84.81
"2022-06-01",203.86,113.26,194.29,147.5,150.97,104.4,171.26,120.75,101.76,180.47,200.27,223.69,88.35,137.13,140.93,134,160.59,150.79,198.15,115.76,137.55,129.62,127.43,114.88,170.62,156.33,78.79,117.88,163.54,128.7,129.26,106.91,129.96,133.42,107.83,129.57,177.03,88.18,130.39,104.89,173.26,117.66,148.86,198.06,94.16,98.75,143.45,82.29,129.39,112.7,83.44
"2022-07-01",235.68,120.29,224.51,197.81,170.62,132.46,185.53,153.64,121.77,202.49,235.6,240.71,123.17,160.67,173.97,169.2,195.78,186.06,241.66,128.92,171.29,158.7,151.38,136.45,196.03,196.09,91.34,151.23,215.58,163.19,193.67,132.01,168.32,158.26,121.17,162.51,232.38,109.86,164.42,160.45,202.83,144.92,203.1,236.01,137.25,119.93,193.47,90,151.82,127.33,99.95
"2022-08-01",221.91,117.65,203.72,184.72,201.05,133.8,253.14,165.78,122.71,204.54,219.45,251.63,117.35,152.3,180.24,156.03,193.37,178.08,219.03,137.29,164.89,183.58,142.27,128.34,188.24,186.9,108.82,146.61,198.72,220.96,188.47,124.99,172.12,153.77,119.31,154.52,226.41,109.98,166.98,182.54,193.44,142.49,203.56,230.78,121.16,123.6,177.63,94.69,152.57,120.89,96.44
"2022-09-01",184.24,111.91,181.12,153.51,191.51,105.48,177.84,142.18,99.68,185.61,163.08,246.96,81.92,116.2,130.87,108.23,146.77,134.9,194.4,123.39,124.03,168.4,109.32,105.92,169.73,133.75,89.67,116.17,165.29,180.73,108.84,99.17,159.05,124.79,103.16,117.56,168.69,86.6,134.44,141.01,157.92,117.54,158.35,195,98.38,100.45,138.9,80.55,113.76,101.77,80.07
"2022-10-01",131.45,127.41,120.09,111.7,125.78,83.42,136.13,111.09,83.66,145.56,116.37,249.76,80.81,87.89,111.64,84.23,102.75,109.12,155,108.3,111.95,130.25,93.46,89.12,130.87,87.21,79.58,87.41,120.16,144.74,72.43,77.66,111.87,98.97,98.59,97.83,117.21,86.87,114.57,112.3,112.93,102.78,115.07,148.41,66.18,99.87,111.94,79.09,115.44,87.96,78.27
"2022-11-01",138.4,145.92,91.2,102.46,117.93,88.91,143.5,110.02,84.51,130.03,114.79,224.37,109.04,98.97,122.64,92.78,104.52,122.71,127.61,117.85,123.61,134.2,99.99,97.13,117.28,100.44,107.02,91.88,101.05,159.26,81.39,80.3,110.24,104.75,124.04,108.08,106.57,120.17,126.02,133.99,120.85,115.09,114.97,126.74,73.15,107.5,129.19,110.28,137.86,95.92,102.36
"2022-12-01",160.43,169.44,107.98,128.15,124.21,102.47,185.78,147.19,96.2,136.11,135.9,232.92,141.59,122.75,163.45,123.14,123.24,160.1,140.39,133.63,179.98,175.79,124.68,118.64,138.01,126.97,148.67,124.13,115.37,201.79,111.19,91.71,130.89,142.39,154.92,136.26,129.34,142.27,177.99,165.58,160.27,149.5,146.17,151.15,84.26,131.19,186.93,138.51,187.14,117.87,126.69
"2023-01-01",172.3,169.69,113.33,142.45,151.92,102.34,230.03,146.87,102.61,148.56,141.99,233.94,134.31,115.31,159.85,121.63,121.38,153.56,147.06,157.09,165.62,203.04,118.83,120.89,159.82,129.22,150.34,123.21,129.1,219.55,104.54,92.9,143.26,137.27,152.78,136.93,123.46,144.9,173.32,172.48,150.02,153.72,163.08,153.22,83.55,133.87,172.16,141.28,171.83,120.24,127.85
"2023-02-01",150.99,139.09,100.22,129.37,123.03,88.45,223.41,135.14,100.13,136.96,120.52,193.79,116.66,107.31,142.66,104.18,106.78,127.42,130.32,181.71,147.2,186.15,104.89,105.78,142.56,112.68,124.9,105.94,114.62,193,93.72,85.93,130.42,116.57,132.45,115.51,109.1,133.53,150.56,149.46,124.41,138.99,150.82,140.97,76.27,126.36,141.88,127.48,146.24,108.27,112.88
"2023-03-01",134.76,155.81,100.01,107.15,136.98,90.05,213.45,140.02,91.1,138.25,116.18,213.34,111.66,106.46,136.05,107.29,98.33,115.24,110.68,186.63,143.26,180.03,109.81,112.28,125.07,107.82,132.33,111.45,112.8,185.61,94.99,74.93,114.13,114.52,136.55,126.56,102.27,135.84,149.39,150.11,117.47,138.21,118.7,125.57,77.7,120.7,140.2,133.36,157.53,110.73,118.36
"2023-04-01",120.42,132.51,109.76,93.82,125.72,75.05,187.95,109.74,81.89,154.45,104.09,205.52,89.81,91.1,105.78,87.54,85.15,100.39,99.73,158.5,113.02,150.73,95.14,97.48,117.24,89.51,105.53,90.52,112.2,155.52,78.74,66.39,91.37,98.24,106.69,99.08,89.38,111.2,118.42,100.11,110.41,118.45,108.03,112.98,67.33,102.06,115.46,108.51,114.92,97.6,98.64
"2023-05-01",135.75,127.96,145.69,97.52,116.55,82.46,168.08,99.23,83.08,160.93,122.17,199.34,80.56,96.68,110.06,97.29,102.42,104.28,117.38,130.41,109.98,132.36,96.78,97.09,124.26,100.39,89.26,92,146.11,147.99,86.26,70.87,93.6,101.49,93.97,104.77,102.32,99.26,115.44,103.68,120.17,107.8,105.72,137.56,70.79,96.56,108.71,93.04,112.52,94.76,83.06
"2023-06-01",176.28,116.49,171.3,130.36,130.49,89.65,190.67,131.7,102.99,187.22,158.64,198.44,89.27,110.19,125.5,130.96,137.13,120.07,155.05,125.88,137.52,138.39,119.89,123.23,163.21,150.69,85.6,119.77,164.89,158.67,125.87,91,112.72,124.02,111.32,122.68,146.86,97.89,124.41,121.05,141.79,124.45,131.58,186.81,81.48,102.99,139.43,84.22,111.63,114.48,81.18
"2023-07-01",218.8,119.93,267.75,169.77,175.89,118.94,262.77,169.66,133.04,218.85,209.04,208.91,126.73,136.88,159.21,148.63,171.38,158.62,197.97,158.35,190.16,191.88,152.03,126.89,199.94,189.26,100.07,140.58,271.79,217.07,197.21,137.07,167.83,165.48,110.78,161.13,193.02,120.56,172.98,197.42,192.51,130.37,163.51,233.29,133,129.76,168.99,91.1,151.83,135.22,96
"2023-08-01",222.88,124.49,239.04,184.62,201.72,128.74,227.51,179.09,127.4,226.52,205.93,213.96,112.59,122.78,152.9,152.46,174.02,153.57,209.04,152.37,177.27,197.32,132.96,136.02,216.6,181.36,112.72,141.83,221.94,176.62,162.87,131.02,161.02,163.95,116.14,152.78,205.68,120.06,165.2,182.15,194.26,139.98,169.74,258.22,120.13,114.68,175.09,95.56,150.71,133.88,94.02
"2023-09-01",189.87,119.58,182.14,160.53,170.92,100.9,200.29,161.72,138.99,209.65,160.83,211.2,83.69,98.96,124.13,111.39,135.44,126.14,191.58,149.42,154,173.85,109.99,106.42,195.38,142.61,91.71,120.36,159.02,139.24,125.7,103.96,145.19,140.44,100.02,123.23,162.44,91.86,140.49,162.26,155.12,118.37,151.44,226.81,87.8,109.98,142.76,82.24,117.28,105.9,79.5
"2023-10-01",134.84,130.14,140.89,111.84,135.6,81.77,156.76,120.53,91.66,168.01,115.22,229.08,88.44,86.76,108.72,88.92,93.62,104.53,137.43,134.6,124.85,134.43,101.35,94.7,139.91,94.57,85.47,89.81,100.2,126.68,88.44,77.36,108.54,110.19,99.98,108.31,111.65,99.52,117.83,143.92,113.9,104.7,114.98,157.93,68.31,108.97,108.77,90.32,114.49,96.19,86.38
"2023-11-01",134.61,146.5,99.43,97.24,132.38,80.81,170.44,114.18,87.63,136.05,111.66,227.08,110.33,90.26,114.88,90.26,89.04,114.19,103.59,151.18,144.63,137.63,104.03,96.78,117.29,99.89,104.55,91.19,106.3,140.54,91.8,76.57,111.39,117.34,122.2,112.66,94.2,120.75,133.17,144.55,115.18,112.3,111.15,122.42,71.09,122.26,129.75,110.23,141.8,99.77,97.18
"2023-12-01",160.09,172.56,112.23,117.22,134.69,96.57,201.85,148.4,105.66,134.42,133.35,224.16,135.74,98.69,131.21,110.67,99.81,131.59,115.13,159.25,173.8,160.92,117.69,111.81,135.05,114.96,131.87,111.56,108.11,165.01,107.93,86.23,130.18,143.51,129.4,132.58,108.53,136.65,156.01,171.67,142.98,128.89,134.01,132.37,82.11,137.34,156.23,131.26,171.72,115.53,116.02
"2024-01-01",210.43,183.16,124.07,158.87,155.39,102.81,225.73,161.62,118.46,145.1,158.32,225.08,137.93,117.75,155.2,126.82,136.94,173.87,143.86,175,205.24,184.17,127.23,126.22,175.24,145.74,144.91,132.63,118.24,174.97,122.05,91.92,139.95,170.22,153.79,160.95,141.95,169.23,178.26,197.09,171.23,153.84,175.78,167.26,87.37,149.23,183.84,154.12,204.19,126.55,142.29
"2024-02-01",161.96,162.63,101.71,135.33,141.73,87.89,200.92,155.97,110.66,131.71,127.67,191.76,114.83,95.84,131.54,101.36,100.68,135.95,121.89,159.62,171.16,174.1,106.58,105.55,150.85,111.23,131.09,98.5,102.55,154.06,101.47,80.56,137.12,147.95,123.98,132.42,102.04,140.3,146.38,171.62,135.26,134.23,158.36,133.47,77.35,133.36,151.06,129.96,161.88,103.95,116.94
"2024-03-01",136.47,158.82,102.33,104.45,135.62,86.17,184.7,157.36,98.61,127.54,110.42,197.79,107.58,89.34,112.99,99.03,90.24,117.25,104.85,139.26,152.61,167.29,106.96,104.19,120.22,101.76,113.92,98.48,98.97,133.65,88.2,71.81,120.29,123.49,126.02,119.61,92.07,136.95,141.38,151.37,115.8,126.23,125.21,114.38,74.66,126.66,133.63,127.95,152.48,103.94,113.35
"2024-04-01",128.84,136.99,112.01,92.58,131.32,76.91,167.25,127.45,88.09,129.71,111.53,197.36,88.44,83.84,105.88,90.9,87.13,102.73,100.44,123.24,125.29,149.69,96.29,93.34,115.35,91.39,97.67,87.76,101.58,122.52,90.57,66.84,108.59,111.49,103.25,112.69,89.16,113.71,123.08,129.04,111.51,115.33,110.37,118.24,66.05,109.64,111.57,107.06,121.8,94.23,96.84
"2024-05-01",155.63,125.72,153.55,102.01,125.64,82.18,151.7,119.63,96.48,160.26,143.19,208.35,85.23,109.44,116.63,95.52,102.76,115.25,124.1,108.49,133.12,143.19,106.99,93.4,138.32,101.56,93.34,88.98,132.16,115.5,106.36,76.03,106.96,125.05,99.53,116.8,107.32,108.97,120.48,129.22,133.37,105.39,113.2,151.23,71.19,103.96,124.8,97.54,125.97,95.32,89.85
"2024-06-01",202.11,119.36,226.68,142.91,158.67,115.81,195.74,154.95,113.59,184.08,202.36,211.43,102.2,140.2,145.89,129.2,166.66,142.85,168.65,109.93,176.16,161.22,139.8,111.17,177.7,171.92,91.03,119.01,210.71,135.62,177.49,112.5,145.66,157.09,102.18,147.47,164.04,108.24,146.65,145.69,172.21,119.75,145.59,198.06,111.02,116.73,173.95,90.68,147.89,117.05,92.88
"2024-07-01",224.92,125.04,274.18,172.81,226.15,134.46,271.33,196.47,158.55,200.72,217.41,218.16,133.9,142.12,164.6,147.55,181.95,168.14,192.17,126.37,217.27,200.07,159.96,139.49,199.54,186.39,110.75,146.61,232.51,184.84,236.99,132.55,203.14,181.97,124.21,170.17,194.51,139.09,188.54,214.41,203.3,142.54,182.81,219.49,145.92,141.26,186.59,107.75,183.4,138.95,112.79
"2024-08-01",225.39,129.46,249.69,169.6,217.29,136.54,254.09,182.18,147.44,195.75,210.48,229.33,117.36,142.84,168.11,142.92,178.04,162.05,192.64,137.01,195.06,189.16,150.39,128.97,199.63,186.24,114.14,138.57,202.76,166.13,196.68,133.72,192.3,171.2,117.38,166.9,198.59,126.07,168,215.82,190.09,140.72,175.79,233.73,140.39,127.45,170.47,100.23,170.26,133.74,112.87
"2024-09-01",184.47,122.96,206.86,147.53,195.68,106.85,187.93,150.58,114.59,183.45,145.75,227,93.89,107.73,129.93,109.76,131.09,124.3,174.86,137.75,143.32,163.6,118.2,111.09,175.44,140.69,90.56,114.7,155.69,130.05,103.92,100.63,146.33,140.66,106.04,126.55,159.16,107.95,125.98,151.71,155.35,124.25,153.67,194.7,107.23,110.99,132.93,90.34,126.11,109.52,92.18
"2024-10-01",144.5,136.98,159.87,110.87,163.27,88.28,159.52,113.81,87.53,155.21,123.59,218.03,87.6,88.09,106.46,85.65,101.66,104.98,133.45,119.63,127.56,144.01,95.77,94.57,140.2,91.13,86.15,94.25,121.38,123.06,94.92,81.69,115.65,119.31,97.18,110.6,124.99,109.83,113.3,140.25,128.14,109.32,117.84,167.82,84.88,112.23,113.26,98.23,123.05,90.65,90.93
"2024-11-01",133.81,154.92,99.56,94.02,127.44,89.59,168.53,116.78,87.21,131.9,116.09,207.84,107.38,89.79,112.91,90.84,94.06,108.44,111.61,126.01,138.5,148.64,100.35,95.85,122.83,95.41,96.91,87.22,91.55,130.41,97.38,78.55,113.43,119.76,120.98,108.99,94.07,136.18,122.35,168.71,119.79,116.27,108.62,129.9,78.41,121.92,122.81,114.6,139.8,96.73,106.77
"2024-12-01",173.42,166.73,112.32,118.67,149.68,99.17,228.55,173.7,137.38,127.22,147.88,213.32,128.53,113.36,146.15,119.03,115.12,150.02,122.56,141.11,205.22,180,123.23,116.91,142.31,126.79,124.86,116.72,103.65,167.67,121.22,87.64,145,153.93,146.1,148.85,116.22,159.12,167.81,134.29,156.77,145.96,152.86,134.26,89.94,154.62,180.36,145.95,200.01,119.71,124.16
"2025-01-01",235.35,174.22,125.5,158.6,166.75,112.73,265.63,188.95,158.69,151.88,193.77,217.33,138.08,131.27,183.97,132,137.85,197.23,154,160.33,251.7,208.28,131.49,132.28,180.08,156.33,130.63,135.35,102.33,188.77,143.56,100.96,171.94,187.7,161.49,180.58,150.06,173.81,202.09,207.6,204.32,163.32,191.93,174.98,96.77,168.05,226.95,159.58,252.06,136.22,146.59
"2025-02-01",177.27,159.5,98.52,143.03,145.09,95.95,241.55,172.51,135.69,140.06,138.89,181.48,123.69,115.24,158.34,118.86,123.2,162.3,139.35,175.29,198.52,203.19,118.65,119.66,162.55,139.4,140.52,121.95,82.92,162.39,117.77,85.86,161.42,153.81,153.81,151.54,130.45,157.35,173.55,182.16,152.64,152.86,182.62,156.14,82.96,152.93,170.94,157.01,195.47,120.41,132.35
"2025-03-01",154.25,156.42,109.03,122.53,133.25,92.84,208.69,156.96,129.52,129.75,128.89,194.86,108.64,109.15,139.22,103.46,98.67,138.4,123.38,176.89,161.79,173.38,110.74,109.42,140.43,111.84,119.23,114.89,87.42,145.19,107.04,79.85,137.9,128.52,128.27,128.29,103.43,140.23,150.85,169.29,131.15,137.74,155.53,131.14,80.87,136.37,140.13,140.32,165.84,111.8,117.26
"2025-04-01",145.81,139.03,118.48,101.48,129.02,86.38,175.53,128.77,104.07,143.93,122.46,196.39,90.88,96.13,119.46,86.08,92.09,114.59,122.24,148.86,135.06,162.02,100.5,91.88,130.79,97.73,91.56,88.64,86.69,127.38,96.2,73.18,119.81,112.32,104.38,109.1,96.62,113.73,125.7,131.87,124.33,114.87,126.81,129.14,74.24,115.86,118.44,112.63,126.94,99.45,104.7
"2025-05-01",159.72,129.86,156.51,107.66,130.21,90.98,169.27,120.16,103.63,172.58,142.67,201.55,88.58,100.5,119.55,90.95,100.15,114.01,143.48,130.18,133.31,146.2,100.16,97.66,147.97,99.3,88.16,96.58,111.03,117.88,103.76,79.27,120.36,121.58,104.52,111.96,112.42,107.94,118.08,130.81,141.43,111.67,126.65,159.26,85.71,111.73,123.23,103.31,114.73,100.45,97.2
"2025-06-01",200.7,126.03,210.56,140.2,161.72,114.16,202.09,156.74,145.3,199.8,197.6,196.29,102.79,161.79,163.68,133.6,161.7,155.63,179.57,122.9,183.87,170.63,150.3,120.94,181.06,179.12,100.43,121.32,150.93,138.73,208.05,115.59,147.62,155.27,107.35,163.01,165.37,116.6,154.86,153.48,184.53,123.64,157.44,197.42,123.73,122.04,174.59,102.17,152.48,127.65,103.99
"2025-07-01",245.43,133.73,254.85,186.9,186.7,146.13,281.61,207.53,199.52,214.28,234.19,211.76,129.98,184.49,211.38,173.25,188.44,197.43,214.86,142.11,236.72,240.2,185.39,155.81,212.11,225.93,117.53,164.42,176.48,187.52,286.94,141.04,218.95,185.91,126.06,213.82,206.28,141.85,211.48,213.23,222.05,157.32,207.25,228.81,150.1,147.65,216.38,117.28,198.69,155.57,120.61
"2025-08-01",222.62,131.93,263.06,190.52,194.47,144.11,239.98,183.25,170.79,221.97,201.18,222.75,119.81,163.36,185.34,153.07,172.18,173.52,205.35,154.72,189.76,219.35,155.93,137.93,211.09,200.24,116.98,146.93,183.05,175.8,208.4,140.96,200.94,167.16,123.57,180.3,201.22,141.01,183.64,197.85,188.35,143.9,204.36,235.34,147.99,132.06,169.46,115.34,163.3,141.14,109.91
"2025-09-01",197.35,126.76,200.33,152.12,202.39,111.86,173.77,153.23,129.43,193.99,168.14,214.66,98.32,125.23,148.45,111.95,134.79,136.62,176.73,131.05,174.57,165.78,116.31,113.19,184.8,158.76,103.59,123.77,131.51,141.29,144.61,111.1,152.44,138.7,110.76,133.08,161.52,114.16,143.38,135.37,156.83,125.81,161.15,207.18,114.68,112.99,144.36,102.72,122.31,112.78,95.24
"2025-10-01",157.48,138.24,135.83,119.6,151.52,95.39,145.51,119.23,115.49,171.91,126.81,219.92,91.79,107.98,126.47,94.71,110.13,116.72,143.63,124.5,147.29,154.87,106.11,103.2,154.27,103.87,94.55,100.66,92.23,142.83,108.75,84.53,130.56,118.94,107.46,116.55,130,118.56,133.15,136.61,129.85,114.68,129.12,175.46,86.33,120.71,125.22,110.11,124.8,103.26,101
"2025-11-01",143.71,156.01,108.9,101.41,133.56,92.16,166.4,133.01,108.3,135.95,123.18,208.94,105.27,105.46,133.59,90.46,99.01,120.93,113.35,146.87,168.15,152.1,110.71,100.12,131.62,108.46,98.77,94.36,82.75,157.18,117.33,79.2,126.07,124.04,129.63,136.23,100.54,131.64,145.44,140.18,128.49,121.15,120.45,130.48,82.57,140.19,141.61,123.79,153.06,106.84,109.27
"2025-12-01",185.27,193.83,111.79,130.54,139.3,106.21,218.18,194.91,181.76,133.91,150.22,221.85,125.84,131.23,174.78,122.82,119.44,170.39,135,159.88,236.26,198.3,136.12,127.44,155.23,138.91,126.43,128.25,85.33,198.24,160.73,91.51,167.73,161.43,164.32,173.17,127.64,153.66,208.56,187.99,167.2,146.78,161.58,149.83,92.16,173.05,205.68,157.29,214.43,135.24,126.55
"2026-01-01",216.82,210.54,117.87,152.37,182.84,112.53,245.3,192.83,188,154.74,180.47,222.31,142.79,132.88,192.14,138.5,143.52,208.92,151.48,181.28,271.43,223.37,139.81,133.46,180.55,158.65,141.44,135.64,96.84,213.46,174.15,98.87,191.06,184.86,172.38,195.23,152.05,166.88,229.03,190.8,197.59,172.51,179.44,170.24,96.75,183.99,239.51,175.32,239.59,142.86,143.03
"2026-02-01",188.32,166.57,101.91,156.18,139.61,96.21,243.01,196.46,170.3,156.39,152.41,181.61,119.27,128.25,174.9,111,111.24,181.05,149.73,204.16,234.69,214.76,119.95,115.94,182.79,133.41,129.91,119.5,82.5,195.21,146.66,82.62,198.11,173.4,144.8,171.75,119.61,138.67,213.45,171.14,183.11,147.32,205.4,141.95,83.52,163.94,209.24,153.51,204.82,119.9,123.84
"2026-03-01",150.47,192.24,133.45,110.63,153.88,98.74,201.68,171.35,166.46,133.38,126.32,204.73,112.6,115.24,143.74,108.45,106.15,139.67,125.99,189.35,311.65,179.36,122.17,108.71,142.14,119.44,118.11,115.45,95.09,170.72,128.58,74.99,155.22,133.44,141.1,143.55,108.37,130.1,168.35,156.51,134.78,143.69,148.68,134.18,82.92,149.25,154.06,157.25,170.39,117.75,116.81
"2026-04-01",146.61,162.01,127.59,105.95,138.2,90.26,172.59,132.57,118.7,141.23,124.25,222.19,96.82,110.07,123.16,92.23,100.08,121.81,129.2,161.91,156.62,144.47,108.36,103.18,143.02,104.51,109.08,98.64,88.71,148.41,110.4,73.61,140.96,122.81,119.84,125.23,101.01,117.51,136.3,145.24,131.28,128.54,137.02,144.18,78.77,120.12,129.95,130.76,107.86,106.13,106.81
